id,firstName,middleName,lastName,gender,birthDate,ssn,salary
1267751,Hester,Sherie,Bonome,F,1999-09-13T04:00:00.000+0000,943-76-3317,81098
1267752,Shanae,Lucie,Ahlin,F,1980-02-13T05:00:00.000+0000,987-96-3819,87092
1267753,Vasiliki,Candelaria,Gipps,F,1960-06-20T04:00:00.000+0000,987-24-9098,90477
1267754,Sue,Alba,Gullefant,F,1978-10-14T04:00:00.000+0000,995-81-4875,95425
1267755,Clemmie,Lisabeth,Clayfield,F,1990-09-30T04:00:00.000+0000,905-20-1783,65913
1267756,Elza,Ayako,Boynton,F,1984-04-01T05:00:00.000+0000,935-85-5288,31122
1267757,Berniece,Shelley,Cutler,F,1999-07-09T04:00:00.000+0000,980-55-6967,74981
1267758,Gwyneth,Gilda,Futter,F,1983-07-08T04:00:00.000+0000,969-50-3671,104619
1267759,Marine,Kayce,Irving,F,1963-06-07T04:00:00.000+0000,924-81-6464,68535
1267760,Patience,Mellie,Goodanew,F,1957-07-19T04:00:00.000+0000,995-95-3098,104723
1267761,Cayla,Vera,Copelli,F,1954-06-28T04:00:00.000+0000,929-64-5970,101834
1267762,Ofelia,Cinthia,Crippes,F,1990-07-15T04:00:00.000+0000,902-38-2904,77080
1267763,Lacy,Arleen,Ridger,F,1981-11-24T05:00:00.000+0000,991-72-5578,90613
1267764,Danielle,Toni,Milmore,F,1974-08-25T04:00:00.000+0000,916-61-1099,83356
1267765,Marketta,Lauri,Bischop,F,1965-06-13T04:00:00.000+0000,916-66-1869,62127
1267766,Vanessa,Phuong,Degoy,F,1992-12-23T05:00:00.000+0000,925-80-1948,94407
1267767,Suellen,Monique,Sorrel,F,1995-05-25T04:00:00.000+0000,998-86-1555,67360
1267768,Jolynn,Yasmine,Brolechan,F,1996-10-14T04:00:00.000+0000,985-91-3582,71750
1267769,Andrea,Crystle,Perot,F,1996-10-09T04:00:00.000+0000,930-36-9133,60753
1267770,Nyla,Louann,Dilleway,F,1962-08-01T04:00:00.000+0000,975-67-7366,71046
1267771,Princess,Lanell,Clibbery,F,1991-04-24T04:00:00.000+0000,900-73-3264,65339
1267772,Nancey,Letitia,Bartolijn,F,1991-01-17T05:00:00.000+0000,996-24-5037,86795
1267773,Pura,Floy,Lanfranconi,F,1973-07-05T04:00:00.000+0000,908-23-8713,96424
1267774,Emmy,Toshia,Pozzi,F,1980-04-02T05:00:00.000+0000,998-79-1576,57256
1267775,Ruthie,Georgette,Magister,F,1991-09-06T04:00:00.000+0000,923-53-6910,70942
1267776,Penelope,Felecia,Jarratt,F,1953-05-10T04:00:00.000+0000,954-83-8028,68287
1267777,Sharan,Sonja,McMickan,F,1989-05-14T04:00:00.000+0000,982-26-6208,79178
1267778,Tarsha,Dorris,Brunker,F,1973-03-26T05:00:00.000+0000,962-58-9493,80712
1267779,Chassidy,Marcelle,Gaspero,F,1972-11-06T05:00:00.000+0000,930-67-7623,76790
1267780,Cleopatra,Krystyna,Duny,F,1998-08-07T04:00:00.000+0000,912-80-9616,94797
1267781,Cathrine,Shaniqua,Burchmore,F,1999-05-20T04:00:00.000+0000,984-53-2868,64114
1267782,Ileen,Guillermina,McCrudden,F,1964-11-13T05:00:00.000+0000,972-66-9008,65530
1267783,Flora,Lizzie,Heaney,F,1975-04-16T04:00:00.000+0000,931-43-7005,80070
1267784,Cythia,Afton,Toffalo,F,1981-03-23T05:00:00.000+0000,912-69-6018,38300
1267785,Dorothea,Carroll,Rogeon,F,1967-09-12T04:00:00.000+0000,911-89-7555,77983
1267786,Earlene,Johnsie,Varren,F,1993-06-05T04:00:00.000+0000,929-26-1144,60104
1267787,Dann,Donnie,Bridywater,F,1983-06-20T04:00:00.000+0000,999-85-9797,91397
1267788,Merlene,Lawanda,Fehners,F,1959-10-28T05:00:00.000+0000,980-12-1395,73114
1267789,Suk,Devona,Bagnell,F,1975-03-22T04:00:00.000+0000,960-50-6541,71762
1267790,Adriana,Tonisha,Sallenger,F,1981-09-20T04:00:00.000+0000,900-32-5450,39946
1267791,Eleonore,Philomena,Reavell,F,1985-06-09T04:00:00.000+0000,981-28-3659,96898
1267792,Lisha,Ilse,Pealing,F,1993-06-18T04:00:00.000+0000,999-98-5749,56160
1267793,Tiffiny,Danyel,Nusche,F,1997-10-27T05:00:00.000+0000,974-12-9832,63782
1267794,Velia,Charlette,Santino,F,1956-06-02T04:00:00.000+0000,921-84-5545,84802
1267795,Misty,Latrisha,Houlahan,F,1986-11-29T05:00:00.000+0000,923-22-9479,74201
1267796,Nicolette,Dodie,Alyutin,F,1997-08-24T04:00:00.000+0000,942-25-5633,85867
1267797,Carlee,Jestine,Kearney,F,1964-12-31T05:00:00.000+0000,938-25-6908,54607
1267798,Celena,Rheba,Stancliffe,F,1957-05-13T04:00:00.000+0000,915-73-2020,120037
1267799,Ossie,Monique,Edson,F,1959-06-23T04:00:00.000+0000,956-44-8523,65941
1267800,Wanda,Lorene,Thirtle,F,1998-03-14T05:00:00.000+0000,906-57-3709,100707
1267801,Erline,September,O'Dreain,F,1979-10-20T04:00:00.000+0000,991-41-6266,65428
1267802,Aletha,Chieko,Ledekker,F,1966-02-11T05:00:00.000+0000,949-50-5179,67472
1267803,Cierra,Jody,Labern,F,1972-04-14T05:00:00.000+0000,955-83-6540,91577
1267804,Maryrose,Charmaine,Joerning,F,1983-03-15T05:00:00.000+0000,917-11-8391,89209
1267805,Coral,Nelda,Blackmoor,F,1962-07-12T04:00:00.000+0000,930-60-7953,71964
1267806,Tomasa,Jovan,Deny,F,1998-05-22T04:00:00.000+0000,930-70-6199,59807
1267807,Remona,Kym,Ubach,F,1989-10-11T04:00:00.000+0000,906-37-5132,95842
1267808,Jerilyn,Verla,Schenfisch,F,1970-01-12T05:00:00.000+0000,950-19-2765,88656
1267809,Verla,Christine,Winteringham,F,1971-10-14T04:00:00.000+0000,994-24-7200,95110
1267810,Leida,Kiersten,Filippone,F,1992-12-18T05:00:00.000+0000,943-28-8074,89399
1267811,Adela,Rosanne,Klaussen,F,1960-04-08T05:00:00.000+0000,970-57-6370,69457
1267812,Jolynn,Jenee,Redfield,F,1989-02-01T05:00:00.000+0000,974-77-8037,67409
1267813,Cythia,Akiko,Lillico,F,1981-02-23T05:00:00.000+0000,943-66-6884,83146
1267814,Bertha,Mica,Nolda,F,1999-03-22T05:00:00.000+0000,932-18-7568,52214
1267815,Melynda,Terresa,Oldmeadow,F,1981-10-07T04:00:00.000+0000,955-23-6958,67543
1267816,Telma,Vicki,Skeates,F,1975-08-05T04:00:00.000+0000,907-42-1529,37652
1267817,Macie,Fleta,Arro,F,1956-07-25T04:00:00.000+0000,946-62-4093,106084
1267818,Jacquelyn,Jodi,Herrema,F,1983-12-12T05:00:00.000+0000,921-92-3969,79707
1267819,Sharlene,Teri,Peploe,F,1976-06-18T04:00:00.000+0000,955-69-5505,56931
1267820,Yesenia,Spring,Broggini,F,1953-10-23T05:00:00.000+0000,922-72-2492,70180
1267821,Desiree,Laurena,Swidenbank,F,1976-11-05T05:00:00.000+0000,982-79-9539,72521
1267822,Tabatha,Merlene,Franseco,F,1976-01-18T05:00:00.000+0000,971-90-1247,92897
1267823,Nanette,Anneliese,Wagg,F,1954-03-22T05:00:00.000+0000,930-64-7476,84002
1267824,Williemae,Khadijah,Jellis,F,1970-12-08T05:00:00.000+0000,666-83-9035,41393
1267825,Hedy,Cheree,Pinkstone,F,1972-04-13T05:00:00.000+0000,936-23-5912,75906
1267826,Henriette,Alina,Mully,F,1954-03-28T05:00:00.000+0000,955-37-5761,43940
1267827,Maurita,Lynell,MacCurtain,F,1980-04-23T05:00:00.000+0000,917-48-1259,58198
1267828,Wesley,Nanette,Aron,F,1978-06-23T04:00:00.000+0000,968-13-5599,71091
1267829,Vella,Wanda,Skein,F,1962-12-22T05:00:00.000+0000,914-35-3800,85096
1267830,Magdalene,Shanon,Hartigan,F,1968-11-25T05:00:00.000+0000,932-23-4920,82362
1267831,Jeannette,Roberta,Tomasicchio,F,1994-05-25T04:00:00.000+0000,951-77-5629,69778
1267832,Reta,Rosie,Haggish,F,1987-04-08T04:00:00.000+0000,990-10-2819,67741
1267833,Nakesha,Shyla,Oxteby,F,1987-06-10T04:00:00.000+0000,949-90-9130,89658
1267834,Therese,Augusta,Raoul,F,1992-10-28T05:00:00.000+0000,963-49-9963,75184
1267835,Earlene,Paris,McCook,F,1991-11-29T05:00:00.000+0000,917-82-7333,60868
1267836,Cora,Loralee,Cooney,F,1999-10-11T04:00:00.000+0000,963-67-6929,55348
1267837,Nita,Damaris,Lenham,F,1971-10-08T04:00:00.000+0000,902-73-6296,51512
1267838,Joy,Abbey,Pelcheur,F,1959-03-07T05:00:00.000+0000,941-35-3853,91254
1267839,Hannelore,Leontine,Shillington,F,1974-05-29T04:00:00.000+0000,910-91-1329,38730
1267840,Mee,Shelli,Medcalfe,F,1994-06-28T04:00:00.000+0000,976-58-9578,65864
1267841,Ruth,Rubi,De Quesne,F,1955-08-23T04:00:00.000+0000,906-84-6269,53184
1267842,Hoa,Maudie,Noakes,F,1999-01-14T05:00:00.000+0000,954-47-7280,67160
1267843,Drew,Ileana,Corpe,F,1994-03-23T05:00:00.000+0000,928-33-1318,63427
1267844,Felecia,Deidre,Dalgleish,F,1954-11-15T05:00:00.000+0000,971-10-1445,65907
1267845,Elois,Junie,Decent,F,1959-09-29T04:00:00.000+0000,980-77-3229,50642
1267846,Ying,Dell,Realff,F,1985-02-07T05:00:00.000+0000,992-72-6914,111890
1267847,Haydee,Mariel,Hutchens,F,1999-06-01T04:00:00.000+0000,909-22-5499,41263
1267848,Doreatha,Crysta,Parrington,F,1981-09-06T04:00:00.000+0000,970-53-2418,61162
1267849,Kathaleen,Ada,Gentry,F,1981-03-01T05:00:00.000+0000,962-73-1752,87299
1267850,Lorene,Carlena,Sherringham,F,1993-06-20T04:00:00.000+0000,933-96-6919,104970
1267851,Margene,Dorethea,Deware,F,1962-05-17T04:00:00.000+0000,992-37-3737,68537
1267852,Elvera,Maisie,Josefovic,F,1964-05-27T04:00:00.000+0000,933-63-7589,68788
1267853,Santana,Aletha,Jacqueminot,F,1979-03-03T05:00:00.000+0000,957-81-2661,71524
1267854,Ciara,Alica,Rishworth,F,1968-04-07T05:00:00.000+0000,996-44-7012,52413
1267855,Elvira,Zula,Pead,F,1977-01-24T05:00:00.000+0000,995-94-4702,90855
1267856,Yasmine,Imogene,Wanstall,F,1997-02-05T05:00:00.000+0000,981-35-9784,75738
1267857,Kayla,Annika,Corrie,F,1976-09-07T04:00:00.000+0000,986-80-5019,58138
1267858,Chanelle,Loree,Suddock,F,1964-06-03T04:00:00.000+0000,971-70-6042,87111
1267859,Mireille,Stasia,Pherps,F,1975-10-24T04:00:00.000+0000,954-87-3676,80152
1267860,Beatriz,Linnie,Dobing,F,1982-06-13T04:00:00.000+0000,921-12-6513,66229
1267861,Melissa,Jenelle,Kliche,F,1955-03-11T05:00:00.000+0000,991-40-1485,62298
1267862,Monica,Blanca,Vivers,F,1967-10-31T05:00:00.000+0000,995-58-3273,51431
1267863,Elodia,Lyndia,Ungerecht,F,1959-07-28T04:00:00.000+0000,907-97-3773,87395
1267864,Delorse,Retta,Thomen,F,1962-05-19T04:00:00.000+0000,905-31-7996,106801
1267865,Kelsi,Louann,Rosettini,F,1958-05-20T04:00:00.000+0000,944-35-4378,57297
1267866,Carlota,Tasha,Smithe,F,1995-09-04T04:00:00.000+0000,924-77-1202,67117
1267867,Margarita,Cammie,Brister,F,1972-01-13T05:00:00.000+0000,971-78-7837,59760
1267868,Bev,Stacy,Ellum,F,1960-07-19T04:00:00.000+0000,986-29-7326,95090
1267869,Jenelle,Candice,Parrish,F,1959-03-30T05:00:00.000+0000,942-30-5125,51324
1267870,Adriene,Mariam,Collimore,F,1966-07-23T04:00:00.000+0000,962-92-3906,114334
1267871,Lisha,Dayle,Mundall,F,1966-06-25T04:00:00.000+0000,933-60-7585,66595
1267872,Shan,Adaline,Cabrara,F,1989-01-28T05:00:00.000+0000,929-34-2749,60751
1267873,Jazmine,Cyrstal,Espada,F,1960-11-29T05:00:00.000+0000,937-32-5974,77036
1267874,Daisy,Edwina,Shewen,F,1988-10-30T04:00:00.000+0000,914-72-8803,75208
1267875,Kevin,Debrah,Wrenn,F,1978-05-22T04:00:00.000+0000,901-39-3023,76416
1267876,Sunshine,Timika,Aylin,F,1969-12-19T05:00:00.000+0000,988-22-9024,73444
1267877,Lawanna,Naomi,Pryn,F,1991-01-04T05:00:00.000+0000,989-48-3523,104812
1267878,Neda,Aleida,Sarjent,F,1997-11-01T05:00:00.000+0000,930-63-2941,82324
1267879,Merlene,Noelle,Belvin,F,1991-02-03T05:00:00.000+0000,938-97-5813,97557
1267880,Claretta,Pauletta,Kempstone,F,1974-04-28T04:00:00.000+0000,935-38-4791,107084
1267881,Flavia,Suzanna,Dyka,F,1996-04-06T05:00:00.000+0000,922-92-4648,58908
1267882,Jacquline,Ayako,McEntee,F,1978-04-15T05:00:00.000+0000,940-85-5398,80672
1267883,Nu,Jeannine,Kondratenko,F,1994-06-06T04:00:00.000+0000,954-20-4334,67495
1267884,Lisandra,Shay,McPeake,F,1964-12-09T05:00:00.000+0000,969-75-5734,119634
1267885,Lauretta,Lita,Eveleigh,F,1959-07-09T04:00:00.000+0000,968-25-8403,75808
1267886,Leena,Betsy,Buckoke,F,1969-08-17T04:00:00.000+0000,910-15-3668,90950
1267887,Corrinne,Vickie,Coulling,F,1992-03-24T05:00:00.000+0000,972-28-5707,57725
1267888,Robbin,Debrah,Joicey,F,1952-07-20T04:00:00.000+0000,917-78-6011,84438
1267889,Rosalyn,Yer,Borrows,F,1989-10-24T04:00:00.000+0000,941-24-7897,72382
1267890,Ellena,Leona,Noury,F,1984-03-31T05:00:00.000+0000,902-24-3421,125325
1267891,Chelsie,Vinita,Crocetto,F,1998-11-27T05:00:00.000+0000,969-19-7792,70819
1267892,Lulu,Britteny,Fehners,F,1954-09-25T04:00:00.000+0000,935-94-8654,70283
1267893,Leora,Bronwyn,Stallworthy,F,1990-11-19T05:00:00.000+0000,942-56-1404,26154
1267894,Sari,Tonette,Stimson,F,1960-01-20T05:00:00.000+0000,901-25-6530,41980
1267895,Arcelia,Adaline,Bulger,F,1970-04-30T04:00:00.000+0000,982-11-6576,55963
1267896,Ione,Vella,Whitman,F,1956-03-22T05:00:00.000+0000,913-88-9087,65432
1267897,Shelia,Marchelle,Wilsher,F,1953-04-14T05:00:00.000+0000,924-27-7597,85318
1267898,Margert,Mildred,Britch,F,1992-02-10T05:00:00.000+0000,931-31-2640,95754
1267899,Kristian,Neely,Bartlam,F,1960-02-19T05:00:00.000+0000,950-57-1684,66208
1267900,Betsey,Melisa,Heinzler,F,1998-04-19T04:00:00.000+0000,935-98-7157,109641
1267901,Leonia,Jasmine,Scholtz,F,1986-03-06T05:00:00.000+0000,954-96-9906,78680
1267902,Grace,Armandina,Driutti,F,1960-11-01T05:00:00.000+0000,994-31-6838,73435
1267903,Enedina,Willodean,Bringloe,F,1977-02-10T05:00:00.000+0000,966-21-8558,59282
1267904,Kam,Desire,Spinella,F,1993-06-14T04:00:00.000+0000,925-23-9167,51121
1267905,Ema,Marisol,Brotherhood,F,1966-01-10T05:00:00.000+0000,666-56-9966,25191
1267906,Melany,Ozell,Garr,F,1954-05-21T04:00:00.000+0000,966-70-2453,72057
1267907,Jeanelle,Christi,Haverty,F,1969-09-04T04:00:00.000+0000,989-54-6190,103777
1267908,Merle,Machelle,Osbaldeston,F,1986-01-06T05:00:00.000+0000,666-17-6147,45341
1267909,Tanika,Jessenia,McMaster,F,1968-05-11T04:00:00.000+0000,981-21-5465,61663
1267910,Trang,Dominique,Caps,F,1968-11-22T05:00:00.000+0000,960-47-1945,110579
1267911,Elizebeth,Jerrica,Kemetz,F,1993-09-01T04:00:00.000+0000,939-44-2529,113932
1267912,Georgeann,Valery,Pierpoint,F,1996-12-24T05:00:00.000+0000,910-63-9805,60393
1267913,Luciana,Angella,Weldrake,F,1964-06-12T04:00:00.000+0000,984-90-3413,58491
1267914,Pearlie,Edris,Yarn,F,1974-12-27T05:00:00.000+0000,995-46-4348,57861
1267915,Trina,Aurea,Secrett,F,1957-05-08T04:00:00.000+0000,985-89-3288,73310
1267916,Rikki,Darci,Shillinglaw,F,1993-06-25T04:00:00.000+0000,936-17-4313,96262
1267917,Leonia,Myrle,Bourdis,F,1991-02-10T05:00:00.000+0000,968-88-9630,106176
1267918,Elnora,Mozell,Loving,F,1987-03-24T05:00:00.000+0000,944-98-3544,85614
1267919,Kris,Annetta,Fenning,F,1992-07-08T04:00:00.000+0000,971-40-8440,84317
1267920,Ranee,Wilhelmina,Cowlin,F,1973-07-19T04:00:00.000+0000,952-11-6339,66798
1267921,Fransisca,Torrie,Jiggen,F,1985-04-03T05:00:00.000+0000,971-48-3093,85668
1267922,Laurinda,Lucina,Livsey,F,1981-05-06T04:00:00.000+0000,954-34-5340,59867
1267923,Lizbeth,Juana,Sukbhans,F,1974-05-03T04:00:00.000+0000,988-23-7670,55375
1267924,Kerrie,Megan,Pretor,F,1997-09-24T04:00:00.000+0000,952-10-8774,67175
1267925,Marry,Lakita,Jancik,F,1988-06-27T04:00:00.000+0000,902-56-6083,45047
1267926,Joetta,Slyvia,Reary,F,1963-01-11T05:00:00.000+0000,903-74-8404,101408
1267927,Sharen,Beckie,Lacasa,F,1979-06-30T04:00:00.000+0000,935-11-3097,37187
1267928,Winter,Aracelis,Vannacci,F,1975-06-24T04:00:00.000+0000,958-45-5699,74476
1267929,Yun,Wai,Farmloe,F,1986-07-06T04:00:00.000+0000,910-30-3747,31856
1267930,Nila,Sheree,Lutwidge,F,1968-12-15T05:00:00.000+0000,981-27-3421,94420
1267931,Pam,Clare,Bonnier,F,1962-05-29T04:00:00.000+0000,932-33-2659,87471
1267932,Shandi,Candis,Snozzwell,F,1953-06-17T04:00:00.000+0000,965-19-7324,73709
1267933,Marybelle,Marci,Fountian,F,1989-02-25T05:00:00.000+0000,997-76-3617,78335
1267934,Rebbecca,Micheal,Rozec,F,1993-08-05T04:00:00.000+0000,914-66-4249,82346
1267935,Elia,Astrid,Dod,F,1959-05-18T04:00:00.000+0000,925-62-4348,46975
1267936,Eliza,Cinderella,Frean,F,1981-06-06T04:00:00.000+0000,922-53-2059,66952
1267937,Jone,Eleonore,Pullinger,F,1958-10-17T04:00:00.000+0000,941-35-7537,52706
1267938,Deana,Kacey,Prydden,F,1978-06-13T04:00:00.000+0000,900-65-9440,114707
1267939,Serita,Annalee,Gillogley,F,1983-10-20T04:00:00.000+0000,964-29-1679,90057
1267940,Marcene,Guillermina,Stowers,F,1997-04-04T05:00:00.000+0000,941-39-8803,41159
1267941,Albina,Irina,Scaplehorn,F,1989-04-19T04:00:00.000+0000,975-48-6980,50306
1267942,Jene,Eloise,Stainer,F,1996-02-23T05:00:00.000+0000,991-56-4341,62888
1267943,Cruz,Cristina,Huthart,F,1952-07-17T04:00:00.000+0000,958-66-3569,97614
1267944,Ashely,Jewel,Boutell,F,1970-06-28T04:00:00.000+0000,906-25-4373,93050
1267945,Particia,Susannah,Ricardin,F,1970-07-23T04:00:00.000+0000,992-36-9471,64934
1267946,Sharan,Bibi,Call,F,1987-01-28T05:00:00.000+0000,993-62-1548,70527
1267947,Maxima,Glenda,Haugeh,F,1968-09-21T04:00:00.000+0000,991-18-3034,59980
1267948,Ronna,Talisha,Arp,F,1954-08-02T04:00:00.000+0000,957-44-4184,61887
1267949,Elin,Kym,Lambillion,F,1979-07-21T04:00:00.000+0000,946-32-6999,91354
1267950,Corrie,Evangelina,Florentine,F,1963-05-25T04:00:00.000+0000,979-47-7507,57184
1267951,Charisse,Bonny,Stile,F,1964-08-26T04:00:00.000+0000,942-60-7436,57907
1267952,Kelsey,Jeneva,Rookes,F,1991-07-22T04:00:00.000+0000,919-20-2167,56545
1267953,Lorean,Niesha,Yewman,F,1967-01-22T05:00:00.000+0000,994-94-8513,73960
1267954,Laraine,Elisa,Depka,F,1962-05-09T04:00:00.000+0000,930-54-6498,78442
1267955,Leota,Tamekia,Cisson,F,1980-06-01T04:00:00.000+0000,989-64-6823,52284
1267956,Clotilde,Marcy,Burde,F,1957-10-13T04:00:00.000+0000,957-66-7385,54519
1267957,Nellie,Deane,Winkell,F,1954-08-08T04:00:00.000+0000,904-35-8417,78328
1267958,Asuncion,Madelaine,Lauks,F,1977-02-17T05:00:00.000+0000,930-49-3151,60223
1267959,Bernita,Concha,Pinch,F,1970-09-29T04:00:00.000+0000,994-15-8977,80891
1267960,Johnsie,Camila,Clemes,F,1957-08-10T04:00:00.000+0000,941-10-3767,35105
1267961,Britteny,Willie,Bibey,F,1978-05-31T04:00:00.000+0000,930-60-3290,83342
1267962,Alice,Ellena,Entreis,F,1974-08-01T04:00:00.000+0000,961-65-7814,102765
1267963,Rosanne,Marilu,Polendine,F,1967-02-08T05:00:00.000+0000,911-24-8700,71330
1267964,Tamekia,Traci,Allcoat,F,1967-07-05T04:00:00.000+0000,961-41-9927,44013
1267965,Kerstin,Tilda,Langdridge,F,1977-01-10T05:00:00.000+0000,915-84-2455,42327
1267966,Caitlyn,Lauri,Bulfit,F,1972-07-15T04:00:00.000+0000,972-84-9280,71815
1267967,Carolynn,Jonell,Friman,F,1984-03-03T05:00:00.000+0000,989-86-1490,115472
1267968,Clarine,Dia,Spickett,F,1960-07-10T04:00:00.000+0000,924-63-8981,79744
1267969,Isobel,Bobbye,Berkelay,F,1973-05-10T04:00:00.000+0000,908-11-1503,59117
1267970,Becky,Mirella,Youens,F,1984-05-03T04:00:00.000+0000,928-52-6525,85737
1267971,Mathilda,Meridith,Idill,F,1989-05-29T04:00:00.000+0000,906-48-7357,78559
1267972,Bryanna,Giovanna,Cattemull,F,1979-12-28T05:00:00.000+0000,938-23-8882,77814
1267973,Elanor,Kami,Ca,F,1992-06-12T04:00:00.000+0000,904-43-4502,85940
1267974,Ursula,Mazie,Glandon,F,1968-06-14T04:00:00.000+0000,998-34-2947,71212
1267975,Shannon,Pat,Birwhistle,F,1994-05-28T04:00:00.000+0000,929-38-3151,69131
1267976,Hettie,Carina,Corfield,F,1980-01-29T05:00:00.000+0000,974-17-7456,46287
1267977,Dedra,Dann,Frearson,F,1955-11-21T05:00:00.000+0000,948-80-4477,25202
1267978,Christine,Jalisa,Hattigan,F,1999-02-14T05:00:00.000+0000,942-45-6032,99661
1267979,Terina,Socorro,Lewisham,F,1996-06-24T04:00:00.000+0000,908-60-5588,40705
1267980,Isidra,Marcie,Coonihan,F,1958-07-25T04:00:00.000+0000,972-65-8678,53318
1267981,Genia,Nicolette,Emeny,F,1993-04-16T04:00:00.000+0000,928-72-8251,79556
1267982,Maxine,Arielle,Tofanelli,F,1983-07-03T04:00:00.000+0000,989-32-4550,73823
1267983,Tula,Mila,O'Duane,F,1954-07-02T04:00:00.000+0000,913-67-2807,77682
1267984,Mindi,Caridad,Scamwell,F,1985-07-25T04:00:00.000+0000,918-55-2781,71072
1267985,Lili,Amberly,Gambie,F,1974-02-20T04:00:00.000+0000,907-30-1154,93726
1267986,Maribeth,Berniece,Matteucci,F,1991-10-17T04:00:00.000+0000,908-88-5136,96041
1267987,Shea,Song,Crohan,F,1960-12-03T05:00:00.000+0000,942-72-4480,40617
1267988,Lacey,Jeanetta,Bogue,F,1969-08-22T04:00:00.000+0000,909-49-1475,73591
1267989,Elna,Sun,Dennerly,F,1957-10-28T05:00:00.000+0000,972-61-9668,65604
1267990,Eugenia,Alyssa,Trask,F,1952-07-21T04:00:00.000+0000,926-95-1437,96627
1267991,Marta,Sueann,Capponeer,F,1978-03-11T05:00:00.000+0000,988-50-1730,62877
1267992,Sherril,Karol,Woodall,F,1980-05-24T04:00:00.000+0000,986-96-4420,65849
1267993,Jade,Herlinda,Dornan,F,1959-10-01T04:00:00.000+0000,955-56-7491,66306
1267994,Joette,Dixie,Yard,F,1956-04-05T05:00:00.000+0000,923-75-9054,119319
1267995,Phung,Nell,Brimming,F,1966-09-20T04:00:00.000+0000,960-93-4039,100810
1267996,Rufina,Hoa,Grundon,F,1967-01-28T05:00:00.000+0000,975-87-6249,50077
1267997,Beryl,Blanch,Ronald,F,1968-02-06T05:00:00.000+0000,908-52-6987,86960
1267998,Rochelle,Henrietta,Jackalin,F,1977-04-13T05:00:00.000+0000,923-66-4342,98911
1267999,Heike,Robyn,Hadingham,F,1996-06-17T04:00:00.000+0000,959-71-2247,96411
1268000,Dorinda,Marilynn,Warrior,F,1968-02-26T05:00:00.000+0000,918-53-2107,71728
1268001,Carmela,Abigail,Jarratt,F,1998-11-08T05:00:00.000+0000,913-97-5603,91415
1268002,Garnet,Maud,Marshall,F,1997-08-08T04:00:00.000+0000,915-57-9149,48732
1268003,Violette,Sheridan,Soaper,F,1985-03-13T05:00:00.000+0000,901-59-6819,91526
1268004,Vanda,Retta,Silversmidt,F,1986-01-21T05:00:00.000+0000,944-69-8040,68960
1268005,Rossana,Marquita,Purton,F,1977-12-29T05:00:00.000+0000,948-40-1977,67595
1268006,India,Bronwyn,Osgodby,F,1977-02-09T05:00:00.000+0000,921-77-8265,75788
1268007,Vicenta,Akiko,Massimi,F,1987-07-04T04:00:00.000+0000,969-66-4935,84539
1268008,Trudy,Dusti,Spileman,F,1963-10-31T05:00:00.000+0000,964-34-9205,101575
1268009,Kandace,Chantay,Gregs,F,1975-05-30T04:00:00.000+0000,950-56-3729,68124
1268010,Lilli,Jettie,Castrillo,F,1978-01-23T05:00:00.000+0000,959-48-3386,69184
1268011,Glayds,Pauletta,Judd,F,1992-02-01T05:00:00.000+0000,942-41-3544,81304
1268012,Felicia,Mireille,Ballentime,F,1999-09-20T04:00:00.000+0000,905-59-3462,56191
1268013,Margret,Melania,Kittredge,F,1968-11-26T05:00:00.000+0000,944-52-2922,78510
1268014,Mana,Romana,Iacofo,F,1959-12-26T05:00:00.000+0000,938-13-9920,91271
1268015,Leia,Caren,Mynard,F,1988-10-10T04:00:00.000+0000,989-36-1966,33883
1268016,Etha,Julianne,Gerrill,F,1958-09-04T04:00:00.000+0000,946-74-4095,61767
1268017,Rebekah,Jenice,Grzes,F,1997-09-28T04:00:00.000+0000,997-76-3655,89073
1268018,Audria,Karey,Smithies,F,1977-06-27T04:00:00.000+0000,932-49-4337,92511
1268019,Fawn,Tessa,Bevans,F,1956-06-20T04:00:00.000+0000,974-97-2453,65508
1268020,Quinn,Latesha,Melton,F,1987-10-23T04:00:00.000+0000,910-30-6356,85687
1268021,Madaline,Gary,Curm,F,1965-09-06T04:00:00.000+0000,927-22-7034,80047
1268022,Porsha,Corinna,Thickpenny,F,1996-06-17T04:00:00.000+0000,952-77-9321,88730
1268023,Nicky,Winter,Romney,F,1984-11-13T05:00:00.000+0000,947-48-7301,70845
1268024,Alia,Opal,Havard,F,1994-01-21T05:00:00.000+0000,968-19-4400,60306
1268025,Ammie,Darleen,Messer,F,1974-05-23T04:00:00.000+0000,962-77-7121,103115
1268026,Colette,Kasi,Schule,F,1995-09-13T04:00:00.000+0000,909-93-3071,124228
1268027,Fredia,Lady,Mosconi,F,1990-05-07T04:00:00.000+0000,900-42-8922,77824
1268028,Adelaida,Doloris,Orviss,F,1952-02-24T05:00:00.000+0000,960-69-3331,56533
1268029,Natalia,Laree,Lukianov,F,1999-07-22T04:00:00.000+0000,962-42-4291,105874
1268030,Pauletta,Lorrie,Hallatt,F,1970-09-17T04:00:00.000+0000,932-38-4525,108017
1268031,Fumiko,Lawana,Gradley,F,1961-09-14T04:00:00.000+0000,666-10-8034,73536
1268032,Queenie,Jaime,Schoular,F,1970-12-28T05:00:00.000+0000,967-44-6225,61423
1268033,Charlena,Mitzi,Kerne,F,1961-01-28T05:00:00.000+0000,969-34-7668,33884
1268034,Sage,Kenna,Valiant,F,1997-12-19T05:00:00.000+0000,944-78-8024,83737
1268035,Tiera,Hildred,Guirau,F,1957-08-23T04:00:00.000+0000,937-31-8953,87754
1268036,In,Thomasina,Tabner,F,1960-11-20T05:00:00.000+0000,935-14-7402,74790
1268037,Kyla,Angie,Spafford,F,1999-04-30T04:00:00.000+0000,960-46-1858,86477
1268038,Mariella,Krystle,Vondrasek,F,1954-05-19T04:00:00.000+0000,666-80-3067,67428
1268039,Nereida,Christeen,Whitchurch,F,1997-09-24T04:00:00.000+0000,911-80-2728,57594
1268040,Chau,Haydee,Dracksford,F,1952-09-17T04:00:00.000+0000,936-60-3525,91358
1268041,Sunday,Dell,Kernock,F,1983-11-26T05:00:00.000+0000,982-87-1755,38327
1268042,Celena,Sherry,Hackett,F,1954-06-19T04:00:00.000+0000,973-19-6735,81578
1268043,Delfina,Lorina,Tremayne,F,1986-11-04T05:00:00.000+0000,989-46-8793,78537
1268044,Deborah,Thao,Saddler,F,1996-02-14T05:00:00.000+0000,930-47-7526,70451
1268045,Ernestina,Epifania,Jaouen,F,1952-10-20T05:00:00.000+0000,960-24-7345,18424
1268046,Leonida,Yevette,Cain,F,1999-11-12T05:00:00.000+0000,946-36-7270,53633
1268047,Laila,Juliette,Glanert,F,1965-10-18T04:00:00.000+0000,983-58-3756,26064
1268048,Jene,Lindsey,Satchell,F,1990-10-14T04:00:00.000+0000,993-21-3209,101161
1268049,Dania,Era,Skittreal,F,1990-07-20T04:00:00.000+0000,926-41-1174,34193
1268050,Sherrie,Olene,Pollak,F,1956-03-11T05:00:00.000+0000,947-55-3859,104962
1268051,Tiara,Lindsy,Cord,F,1979-08-26T04:00:00.000+0000,928-86-8991,79104
1268052,Mariella,Kenia,Havock,F,1996-04-09T04:00:00.000+0000,906-53-2971,83155
1268053,Molly,Kali,Audiss,F,1968-06-19T04:00:00.000+0000,954-34-7795,46271
1268054,Catrice,Felicita,Dumbreck,F,1966-05-04T04:00:00.000+0000,949-93-4275,45575
1268055,Stepanie,Laraine,Filppetti,F,1965-05-27T04:00:00.000+0000,969-48-8360,59445
1268056,Jadwiga,Sherilyn,Keilloh,F,1968-04-20T05:00:00.000+0000,919-73-2926,82553
1268057,Daine,Vella,Ledrane,F,1994-12-23T05:00:00.000+0000,901-18-9036,38434
1268058,Rosaura,Blair,Garfirth,F,1952-11-04T05:00:00.000+0000,925-63-1336,86305
1268059,Sean,Marcelle,Bastide,F,1975-08-28T04:00:00.000+0000,967-78-2889,80765
1268060,Shonda,Tamekia,Phetteplace,F,1993-11-09T05:00:00.000+0000,938-69-4264,102383
1268061,Sherie,Dania,Ping,F,1989-11-30T05:00:00.000+0000,914-24-9097,85203
1268062,Laila,Elisa,Lorent,F,1952-07-31T04:00:00.000+0000,666-56-3182,45935
1268063,Domonique,Sigrid,Wilstead,F,1961-08-04T04:00:00.000+0000,666-17-1847,75211
1268064,Cherryl,Gemma,Scollard,F,1952-06-21T04:00:00.000+0000,983-54-3172,66374
1268065,Kacy,Rhea,Drohane,F,1964-08-19T04:00:00.000+0000,951-76-6039,64860
1268066,Crissy,Domenica,Kemsley,F,1958-07-01T04:00:00.000+0000,916-10-5542,103171
1268067,Sanjuana,Zulma,Horribine,F,1988-02-07T05:00:00.000+0000,943-86-9803,74997
1268068,Aurea,Audrea,Matthieson,F,1970-02-25T05:00:00.000+0000,914-13-3710,87125
1268069,Aletha,Slyvia,Surmon,F,1991-06-16T04:00:00.000+0000,977-33-5109,103251
1268070,Micheal,Thomasina,Pappin,F,1960-01-08T05:00:00.000+0000,936-26-7941,64970
1268071,Maddie,Maricela,Ollerearnshaw,F,1982-11-24T05:00:00.000+0000,945-65-8778,96284
1268072,Augusta,Ela,Strephan,F,1977-04-16T05:00:00.000+0000,987-97-1804,100715
1268073,Tifany,Eufemia,Filyashin,F,1980-09-29T04:00:00.000+0000,952-76-6593,91066
1268074,Gerry,Rolande,Edmand,F,1986-10-09T04:00:00.000+0000,922-47-4042,70297
1268075,Jerlene,Kaitlyn,Kubiak,F,1993-12-27T05:00:00.000+0000,944-38-7524,84171
1268076,Myrtice,Mozella,Wehden,F,1990-03-30T05:00:00.000+0000,973-94-4201,104592
1268077,Mora,Chana,Skipsey,F,1985-04-18T05:00:00.000+0000,912-48-5505,85823
1268078,Laine,Savanna,Worstall,F,1989-06-03T04:00:00.000+0000,958-72-8227,68609
1268079,Dulcie,Karrie,Ewence,F,1957-04-25T05:00:00.000+0000,984-89-8754,44141
1268080,Gertude,Jolene,Brambley,F,1964-02-19T05:00:00.000+0000,981-27-9551,56145
1268081,Geraldine,Thersa,Handrek,F,1972-07-29T04:00:00.000+0000,911-21-4803,61948
1268082,Rosenda,Colby,Hurling,F,1994-06-04T04:00:00.000+0000,904-66-2732,71943
1268083,Romana,Genia,Sivorn,F,1969-04-07T05:00:00.000+0000,943-43-4075,57385
1268084,Elenora,Stephanie,Witherby,F,1994-09-29T04:00:00.000+0000,949-87-8583,14947
1268085,Eveline,Emely,Sirrell,F,1960-07-25T04:00:00.000+0000,928-12-7887,57673
1268086,Crystle,Rosalina,Willingam,F,1997-05-07T04:00:00.000+0000,974-71-7594,86492
1268087,Arlene,Rosamaria,Burtonshaw,F,1960-11-02T05:00:00.000+0000,955-17-1309,40891
1268088,Carlie,Anjelica,Richold,F,1954-01-19T05:00:00.000+0000,993-47-5545,68716
1268089,Ashleigh,Isabelle,Oliveti,F,1963-06-28T04:00:00.000+0000,969-93-2312,39848
1268090,Briana,Mikki,Rump,F,1995-05-30T04:00:00.000+0000,936-58-7721,102393
1268091,Corliss,Candyce,Mouncher,F,1995-08-15T04:00:00.000+0000,975-52-3631,82505
1268092,Moon,Donnetta,Romand,F,1963-01-30T05:00:00.000+0000,995-44-6470,91488
1268093,Elinor,Pearle,Mungan,F,1999-12-07T05:00:00.000+0000,925-53-6358,73940
1268094,Cheryle,Clementine,Rotte,F,1977-02-19T05:00:00.000+0000,936-91-4500,37546
1268095,Debrah,Melba,Nisen,F,1996-12-02T05:00:00.000+0000,975-62-6978,66137
1268096,Audry,Aracely,Turneux,F,1988-09-29T04:00:00.000+0000,987-98-2118,115582
1268097,Laila,Nanci,Huniwall,F,1957-12-27T05:00:00.000+0000,937-18-9560,39369
1268098,Vanessa,Tamera,Bexon,F,1968-10-08T04:00:00.000+0000,953-77-4645,44197
1268099,Annett,Kimberely,Loughhead,F,1988-07-24T04:00:00.000+0000,989-77-1991,68635
1268100,Casie,Lorie,Impett,F,1957-03-22T05:00:00.000+0000,976-93-9041,49099
1268101,Monika,Julie,Patria,F,1968-04-03T05:00:00.000+0000,943-79-3921,61863
1268102,Lavonna,Lottie,Alldridge,F,1998-11-21T05:00:00.000+0000,932-29-1182,16617
1268103,Kristina,Ardith,Muffett,F,1986-06-16T04:00:00.000+0000,906-77-7063,105872
1268104,Jeneva,Birdie,Broadbury,F,1970-03-29T05:00:00.000+0000,983-90-8466,92730
1268105,Adriana,Mabel,Dhillon,F,1985-02-28T05:00:00.000+0000,964-78-9362,68813
1268106,Susanne,Paulene,Hymers,F,1985-12-24T05:00:00.000+0000,959-72-6955,45300
1268107,Julene,Tosha,Bishopp,F,1999-12-03T05:00:00.000+0000,934-44-3505,47724
1268108,Erika,Valrie,Hutley,F,1976-04-16T05:00:00.000+0000,939-68-8000,94983
1268109,Katherine,January,Veart,F,1962-05-09T04:00:00.000+0000,908-36-9894,84510
1268110,Brianne,Carolann,Bellie,F,1957-06-06T04:00:00.000+0000,904-39-9105,79429
1268111,Annalee,Migdalia,Itzakson,F,1975-04-08T04:00:00.000+0000,959-85-1684,75540
1268112,Laverne,Shaniqua,Bethel,F,1971-05-11T04:00:00.000+0000,994-53-1171,86010
1268113,Cheyenne,Jordan,Galea,F,1980-08-11T04:00:00.000+0000,916-38-6148,68334
1268114,Latricia,Yung,Chagg,F,1963-01-17T05:00:00.000+0000,989-70-5666,51571
1268115,Carley,Nila,Coie,F,1957-02-10T05:00:00.000+0000,942-44-8401,75592
1268116,Dionna,Gayle,Wardel,F,1975-05-06T04:00:00.000+0000,666-54-6503,90557
1268117,Tobi,Ula,Pash,F,1997-12-11T05:00:00.000+0000,959-10-9894,83778
1268118,Noriko,Darla,Waszczykowski,F,1978-03-14T05:00:00.000+0000,965-41-6837,55595
1268119,Louanne,Fannie,Randall,F,1994-11-12T05:00:00.000+0000,938-73-6119,96896
1268120,Anette,Shara,Springall,F,1984-07-13T04:00:00.000+0000,995-41-9566,3715
1268121,Rowena,Michaele,Roust,F,1966-03-23T05:00:00.000+0000,997-60-6678,61867
1268122,Dorotha,Debroah,Huegett,F,1953-06-17T04:00:00.000+0000,969-13-5226,73131
1268123,Zandra,Lien,Blenkinsop,F,1982-07-18T04:00:00.000+0000,987-66-2277,66593
1268124,Patty,Pamula,Ashbey,F,1974-07-09T04:00:00.000+0000,917-74-1699,27238
1268125,Vertie,Inez,Hadcock,F,1969-05-12T04:00:00.000+0000,973-48-6966,56647
1268126,Gabriele,Paola,Andri,F,1974-04-23T04:00:00.000+0000,923-26-5494,45849
1268127,Dayna,Lorie,Petracchi,F,1994-12-28T05:00:00.000+0000,934-18-8586,101313
1268128,Faviola,Willia,Wrightson,F,1962-06-23T04:00:00.000+0000,951-11-1846,55013
1268129,Felicidad,Rosalina,Santello,F,1982-06-27T04:00:00.000+0000,904-82-6738,63771
1268130,Hang,Heather,Bage,F,1965-01-11T05:00:00.000+0000,929-22-3675,44088
1268131,Cherry,Mandie,Stanbro,F,1968-03-14T05:00:00.000+0000,978-77-1293,88799
1268132,Brianna,Shin,Salla,F,1992-01-13T05:00:00.000+0000,973-62-4090,48085
1268133,Melba,Delicia,Bramwell,F,1956-06-18T04:00:00.000+0000,919-71-5277,94844
1268134,Esther,Tenesha,Casham,F,1992-07-02T04:00:00.000+0000,921-49-2331,63437
1268135,Mckenzie,Francoise,Mordin,F,1986-05-16T04:00:00.000+0000,987-68-7704,98624
1268136,Mandie,Elke,Westraw,F,1980-07-24T04:00:00.000+0000,963-69-5992,46825
1268137,Latarsha,Novella,Harse,F,1964-11-01T05:00:00.000+0000,941-37-3977,58109
1268138,Shantelle,Michiko,Plesing,F,1977-03-25T05:00:00.000+0000,975-86-4096,85467
1268139,Jeannine,Azzie,Corrie,F,1995-05-05T04:00:00.000+0000,951-34-5229,39309
1268140,Jonna,Chau,Louedey,F,1984-08-20T04:00:00.000+0000,922-34-7198,68909
1268141,Katy,Shauna,Huortic,F,1981-01-26T05:00:00.000+0000,924-85-4091,60964
1268142,Katrina,Joie,Bilt,F,1962-12-27T05:00:00.000+0000,945-50-7195,75910
1268143,Annalisa,Halley,Linnit,F,1969-06-08T04:00:00.000+0000,985-73-8851,66980
1268144,Maurice,Evelina,Yetton,F,1996-02-13T05:00:00.000+0000,944-46-7875,44674
1268145,Cecily,Shenna,Adamsen,F,1969-01-17T05:00:00.000+0000,921-86-3032,56952
1268146,Kelley,Elwanda,Kegg,F,1969-09-08T04:00:00.000+0000,920-53-5925,49661
1268147,Eden,Delena,Pardy,F,1990-07-20T04:00:00.000+0000,907-87-9251,69343
1268148,Leeanna,Lanelle,Silverson,F,1980-08-13T04:00:00.000+0000,928-92-1380,48468
1268149,Ruby,Mila,Kingsbury,F,1983-04-17T05:00:00.000+0000,979-80-1203,91422
1268150,Lucina,Felica,Dawbury,F,1962-03-30T05:00:00.000+0000,975-18-2538,62124
1268151,Carleen,Shakia,Sissons,F,1982-08-16T04:00:00.000+0000,990-18-2499,62243
1268152,Marleen,Apryl,Bank,F,1998-06-24T04:00:00.000+0000,920-72-5776,46185
1268153,Linda,Gladis,Tythacott,F,1968-08-25T04:00:00.000+0000,992-20-9519,87148
1268154,Merrie,Brook,Pyburn,F,1981-09-10T04:00:00.000+0000,910-15-3529,57452
1268155,January,Ai,Pearcy,F,1954-09-04T04:00:00.000+0000,911-48-4544,94354
1268156,Coralee,Isabella,Bossom,F,1970-06-07T04:00:00.000+0000,929-27-8180,78000
1268157,Chassidy,Tracee,Sherlaw,F,1993-02-27T05:00:00.000+0000,992-35-6186,86950
1268158,Corrie,Arica,Iacovacci,F,1976-03-08T05:00:00.000+0000,918-41-3298,71682
1268159,Arlena,Yi,Chaunce,F,1978-07-20T04:00:00.000+0000,980-56-1697,121061
1268160,Sima,Felicita,Gorst,F,1987-10-20T04:00:00.000+0000,957-47-8758,56436
1268161,Fleta,Danna,Core,F,1974-09-24T04:00:00.000+0000,961-95-9434,88114
1268162,Kylee,Kanisha,Pesak,F,1967-04-18T05:00:00.000+0000,903-24-7093,73988
1268163,Robbyn,Berta,Brundall,F,1969-03-13T05:00:00.000+0000,924-93-3783,94572
1268164,Valorie,Hannah,Blankett,F,1967-05-03T04:00:00.000+0000,951-70-5018,71408
1268165,Robyn,Opal,Druery,F,1959-02-07T05:00:00.000+0000,906-47-5671,77830
1268166,Billi,Keila,Doig,F,1971-08-24T04:00:00.000+0000,900-19-7051,77026
1268167,Mitzi,Lesha,Spedding,F,1962-07-11T04:00:00.000+0000,924-18-3267,69606
1268168,Raven,Latina,Hixson,F,1990-01-29T05:00:00.000+0000,903-74-5897,65278
1268169,Temple,Maribeth,Cammock,F,1973-02-25T05:00:00.000+0000,966-96-6859,83097
1268170,Larita,Verlene,Jerok,F,1994-10-13T04:00:00.000+0000,909-21-2206,71157
1268171,Audrey,Jeri,Kenford,F,1986-06-20T04:00:00.000+0000,982-85-1058,84185
1268172,Lavonna,Ginny,Thornber,F,1972-05-09T04:00:00.000+0000,932-80-8405,43943
1268173,Shalonda,Shayla,Davage,F,1974-02-23T04:00:00.000+0000,907-34-9184,43590
1268174,Hayley,Tijuana,Hubbuck,F,1984-03-20T05:00:00.000+0000,924-34-2473,92851
1268175,Eleni,Kenya,Oxenbury,F,1973-05-18T04:00:00.000+0000,947-55-9859,86717
1268176,Laure,Delia,Legges,F,1989-03-17T05:00:00.000+0000,977-51-6661,48778
1268177,Drucilla,Abby,Hacker,F,1979-01-27T05:00:00.000+0000,923-39-4227,88052
1268178,Tamesha,Bethann,Brough,F,1998-01-20T05:00:00.000+0000,955-47-4166,76814
1268179,Meaghan,Fidelia,Corston,F,1958-12-01T05:00:00.000+0000,939-67-3776,37787
1268180,Marceline,Clarine,Franzen,F,1996-07-04T04:00:00.000+0000,947-66-2040,89369
1268181,Terry,Sherlyn,Kisar,F,1983-03-01T05:00:00.000+0000,986-36-8416,83485
1268182,Neva,Alesia,Pearn,F,1970-12-29T05:00:00.000+0000,939-72-6490,136948
1268183,Odilia,Garnett,Etchells,F,1967-01-01T05:00:00.000+0000,978-27-6158,102912
1268184,Carroll,Selma,Biddles,F,1958-05-25T04:00:00.000+0000,919-45-9288,92486
1268185,Kym,Else,Rennolds,F,1979-08-06T04:00:00.000+0000,905-66-3589,46912
1268186,Cassidy,Corrine,Marlon,F,1985-02-02T05:00:00.000+0000,941-37-9854,70151
1268187,Despina,Ying,McLenaghan,F,1989-06-11T04:00:00.000+0000,975-60-9722,98309
1268188,Candida,Ola,Radclyffe,F,1966-08-26T04:00:00.000+0000,916-52-6327,47068
1268189,Georgina,Sherrell,Hursey,F,1995-01-12T05:00:00.000+0000,967-59-9353,65964
1268190,Kimiko,Temika,Schmuhl,F,1953-09-29T05:00:00.000+0000,982-31-9304,85368
1268191,Katheleen,Zelda,Twoohy,F,1968-02-02T05:00:00.000+0000,973-73-4062,60018
1268192,Tennille,Audria,Pedrollo,F,1971-12-19T05:00:00.000+0000,932-58-4304,69985
1268193,Keturah,Zada,Kermath,F,1985-02-01T05:00:00.000+0000,949-64-5317,21195
1268194,Emmie,Tyesha,Stockley,F,1988-06-09T04:00:00.000+0000,954-55-9191,73926
1268195,Myrle,Marianela,Micklewright,F,1960-12-06T05:00:00.000+0000,946-82-5541,52496
1268196,Ashley,Lori,Mickan,F,1980-10-14T04:00:00.000+0000,980-27-3471,87457
1268197,Meghan,Marya,Petrasek,F,1999-09-06T04:00:00.000+0000,921-54-1823,122783
1268198,Carlotta,Armanda,Lethlay,F,1975-12-09T05:00:00.000+0000,968-95-3408,64433
1268199,Loreta,Britni,Le febre,F,1983-12-13T05:00:00.000+0000,981-47-1327,97400
1268200,Maxima,Suanne,Records,F,1984-02-25T05:00:00.000+0000,952-50-8465,35148
1268201,Leonida,Marge,Varker,F,1986-09-11T04:00:00.000+0000,947-66-2947,71601
1268202,Mammie,Ilona,Mucklow,F,1972-07-27T04:00:00.000+0000,911-38-6427,44629
1268203,Raina,Agustina,Croxall,F,1989-07-08T04:00:00.000+0000,910-22-5930,54276
1268204,Teisha,Bertie,Breede,F,1998-07-19T04:00:00.000+0000,926-74-9985,69258
1268205,Sophie,Jeanie,Yann,F,1955-03-29T05:00:00.000+0000,908-62-3195,87950
1268206,Alia,Kasha,Coller,F,1971-08-08T04:00:00.000+0000,947-66-4890,68151
1268207,Madeleine,Ruth,Marcos,F,1962-05-02T04:00:00.000+0000,908-12-7895,55274
1268208,Clotilde,Particia,Houchen,F,1981-10-03T04:00:00.000+0000,929-54-8285,66655
1268209,Veronika,Mai,Icke,F,1961-11-21T05:00:00.000+0000,932-57-5004,79527
1268210,Samella,Ivana,Littlejohns,F,1993-08-09T04:00:00.000+0000,987-22-4172,77638
1268211,Tasia,Kamilah,Lerwill,F,1955-06-14T04:00:00.000+0000,997-67-7989,115378
1268212,Gene,Audrea,Teague,F,1995-10-29T04:00:00.000+0000,977-59-8221,75917
1268213,Zelda,Thomasine,Higgen,F,1980-10-03T04:00:00.000+0000,973-68-5225,86081
1268214,Arvilla,Jenelle,Molen,F,1997-12-17T05:00:00.000+0000,940-38-2317,54456
1268215,Shandi,Annemarie,Perren,F,1992-08-15T04:00:00.000+0000,910-49-1961,49996
1268216,In,Lien,Pyzer,F,1959-07-30T04:00:00.000+0000,963-49-5547,57022
1268217,Romana,Nikki,Skym,F,1985-09-29T04:00:00.000+0000,994-98-7144,59484
1268218,Monika,Niesha,O'Dornan,F,1974-01-19T04:00:00.000+0000,970-44-8839,76415
1268219,Susana,Lana,Bockmaster,F,1975-08-31T04:00:00.000+0000,980-38-4690,74094
1268220,Lorene,Stephaine,Hainey`,F,1966-11-20T05:00:00.000+0000,968-39-3031,84251
1268221,Diedre,Dagny,Debrick,F,1981-01-11T05:00:00.000+0000,905-73-7894,95363
1268222,Lessie,Pasty,McGorley,F,1980-05-15T04:00:00.000+0000,951-25-8025,70661
1268223,Aletha,Justa,Pennrington,F,1963-03-30T05:00:00.000+0000,969-64-2155,88950
1268224,Roxie,Arielle,Gasperi,F,1980-06-12T04:00:00.000+0000,920-48-4546,66053
1268225,Faith,Angele,Rhodef,F,1963-10-02T04:00:00.000+0000,910-93-7132,71822
1268226,Jadwiga,Kera,Pitkaithly,F,1995-04-19T04:00:00.000+0000,947-73-4810,67220
1268227,Rina,Velma,Jaume,F,1952-01-19T05:00:00.000+0000,900-23-7805,41193
1268228,Ericka,Autumn,Whisson,F,1973-09-26T04:00:00.000+0000,991-49-6845,102700
1268229,Marva,Olivia,Ide,F,1958-05-29T04:00:00.000+0000,958-23-6960,70127
1268230,Marquetta,Loralee,Dabs,F,1966-02-11T05:00:00.000+0000,917-75-2300,86149
1268231,Meredith,Loreen,Chadney,F,1966-08-29T04:00:00.000+0000,964-81-3038,81931
1268232,Patrica,Marylynn,Anderton,F,1976-12-03T05:00:00.000+0000,994-24-8735,57184
1268233,Shelia,Isadora,Kingaby,F,1984-01-15T05:00:00.000+0000,982-89-3539,109248
1268234,Autumn,Charlyn,Staggs,F,1979-06-17T04:00:00.000+0000,941-39-7877,52118
1268235,Kayleen,Georgeann,Jaegar,F,1972-07-16T04:00:00.000+0000,953-37-5232,67931
1268236,Rosella,Lanelle,Bacchus,F,1967-01-25T05:00:00.000+0000,948-15-3778,90859
1268237,Darlena,Christal,McCroft,F,1966-05-22T04:00:00.000+0000,913-90-3374,109529
1268238,Emelda,Lynell,McAreavey,F,1965-04-02T05:00:00.000+0000,938-83-3521,30506
1268239,Sally,Reatha,Ambroise,F,1972-05-05T04:00:00.000+0000,907-62-1008,74603
1268240,Rosia,Shaina,Dibbe,F,1984-09-05T04:00:00.000+0000,905-50-6692,73810
1268241,Dawna,Ebony,Schuster,F,1991-03-19T05:00:00.000+0000,944-48-8152,41127
1268242,Belva,Araceli,Teissier,F,1959-03-21T05:00:00.000+0000,943-79-4266,78899
1268243,Meta,Brandon,Mundall,F,1978-05-28T04:00:00.000+0000,961-23-1059,111853
1268244,Wendolyn,Allene,Cromar,F,1968-03-06T05:00:00.000+0000,980-82-8851,59857
1268245,Kristal,Karma,Shuard,F,1999-09-02T04:00:00.000+0000,992-16-7969,44217
1268246,Merissa,Rona,Goldes,F,1958-05-08T04:00:00.000+0000,943-71-6332,78200
1268247,Damaris,Julianna,Edney,F,1975-09-19T04:00:00.000+0000,959-92-1355,69968
1268248,Tresa,Zada,Becerro,F,1996-09-30T04:00:00.000+0000,941-20-3906,49179
1268249,Leatha,Else,Corah,F,1998-11-22T05:00:00.000+0000,919-49-9529,65742
1268250,Nella,Inge,Bufton,F,1982-01-29T05:00:00.000+0000,666-23-1082,58324
1268251,Jannet,Camille,Dorcey,F,1978-12-25T05:00:00.000+0000,911-73-5475,83747
1268252,Lavera,Kathline,Maypes,F,1975-05-01T04:00:00.000+0000,941-90-1227,65440
1268253,Serafina,Margit,Piggens,F,1972-10-05T04:00:00.000+0000,933-93-8457,77624
1268254,Debra,Mirian,Sinncock,F,1981-07-09T04:00:00.000+0000,900-60-7235,61027
1268255,Cassondra,Val,Heynel,F,1980-01-13T05:00:00.000+0000,948-36-6891,114128
1268256,Beaulah,Tabitha,De Benedetti,F,1969-02-05T05:00:00.000+0000,940-19-7883,83201
1268257,Nanci,Candice,Woolliams,F,1968-08-05T04:00:00.000+0000,950-90-5564,97577
1268258,Ghislaine,Myrna,Britten,F,1954-05-10T04:00:00.000+0000,965-75-6044,67025
1268259,Anika,Patria,Lubman,F,1983-11-14T05:00:00.000+0000,948-26-6673,49685
1268260,Sudie,Johna,Scyner,F,1961-01-13T05:00:00.000+0000,937-57-7023,78963
1268261,Shaquana,Sook,Crosseland,F,1954-07-13T04:00:00.000+0000,954-50-7541,38615
1268262,Vilma,Cassidy,Brewin,F,1992-10-30T05:00:00.000+0000,942-23-7028,71741
1268263,Nana,Rosie,Scown,F,1967-08-19T04:00:00.000+0000,971-98-9997,83197
1268264,Clarice,Kasey,Balderstone,F,1953-12-28T05:00:00.000+0000,918-55-6797,48554
1268265,Cora,Vanda,Dripp,F,1994-02-06T05:00:00.000+0000,958-84-9878,48006
1268266,Chiquita,Tressa,Romanet,F,1985-10-30T05:00:00.000+0000,936-21-5076,59769
1268267,Santina,Jenice,Fenner,F,1985-01-08T05:00:00.000+0000,988-29-5777,63071
1268268,Jacinta,Eusebia,Allon,F,1973-03-05T05:00:00.000+0000,959-57-1674,38630
1268269,Miranda,Flora,Ghiron,F,1999-11-01T05:00:00.000+0000,982-68-5338,86276
1268270,Layla,Laticia,Winkett,F,1998-10-07T04:00:00.000+0000,949-15-1261,70524
1268271,Lanie,Loura,Dennistoun,F,1997-05-01T04:00:00.000+0000,993-53-1831,94958
1268272,Rachael,Delta,Jarret,F,1956-06-01T04:00:00.000+0000,970-63-4300,83361
1268273,Kasey,Isela,Cannavan,F,1981-12-13T05:00:00.000+0000,970-26-9824,78476
1268274,Idalia,Tashina,McGrudder,F,1979-12-27T05:00:00.000+0000,921-79-2462,66979
1268275,Rosella,Micheline,Manclark,F,1957-07-31T04:00:00.000+0000,933-13-4165,58259
1268276,Elva,Tien,Ryding,F,1984-01-29T05:00:00.000+0000,929-93-7752,88320
1268277,Melia,Christin,Petrosian,F,1961-07-14T04:00:00.000+0000,960-97-5357,77765
1268278,Marilu,Lola,Crumly,F,1978-05-04T04:00:00.000+0000,927-95-6679,81330
1268279,Adrianna,Delicia,Strelitzki,F,1960-01-10T05:00:00.000+0000,900-73-2941,81887
1268280,Angella,Casey,Squire,F,1955-01-27T05:00:00.000+0000,968-94-9328,106936
1268281,Tempie,Thalia,Puxley,F,1956-09-24T04:00:00.000+0000,991-18-3742,60719
1268282,Sima,Elizbeth,Dillicate,F,1976-09-12T04:00:00.000+0000,995-89-9592,53051
1268283,Juliette,Rebecka,Haack,F,1983-04-13T05:00:00.000+0000,969-85-5399,55405
1268284,Svetlana,Nidia,Antognozzii,F,1955-10-13T04:00:00.000+0000,923-76-5467,60788
1268285,Felipa,Jessika,Teeney,F,1978-03-24T05:00:00.000+0000,998-87-4195,109237
1268286,Taryn,Lean,Hissett,F,1983-02-19T05:00:00.000+0000,981-20-9672,47648
1268287,Chanelle,Rosalia,Geistbeck,F,1997-10-09T04:00:00.000+0000,952-78-6907,97568
1268288,Karima,Whitley,Bembrick,F,1975-04-23T04:00:00.000+0000,995-81-2327,86927
1268289,Celeste,Sharmaine,Hanby,F,1958-11-29T05:00:00.000+0000,942-35-1805,43506
1268290,Johanna,Birdie,Mahaffey,F,1988-08-27T04:00:00.000+0000,977-67-3684,82959
1268291,Madeline,Minerva,Coop,F,1955-08-25T04:00:00.000+0000,991-88-5119,38055
1268292,Lavelle,Fernanda,Renackowna,F,1955-08-17T04:00:00.000+0000,666-68-9920,63313
1268293,Arlyne,Arielle,Gooderridge,F,1999-12-13T05:00:00.000+0000,928-48-1382,89756
1268294,Josephina,Ali,Axe,F,1989-09-30T04:00:00.000+0000,666-45-9864,52474
1268295,Phyliss,Shaquita,Gemson,F,1977-12-17T05:00:00.000+0000,980-79-6665,82645
1268296,Renee,Dominica,Kubecka,F,1987-06-09T04:00:00.000+0000,955-65-6495,83393
1268297,Verena,Nereida,Southworth,F,1987-05-24T04:00:00.000+0000,924-13-2856,81175
1268298,Kasie,Rosamaria,Mattea,F,1956-08-05T04:00:00.000+0000,943-11-3947,104694
1268299,Xiomara,Opal,Heinle,F,1970-02-28T05:00:00.000+0000,960-22-1111,81500
1268300,Ruby,Melaine,Buddle,F,1962-02-13T05:00:00.000+0000,900-91-5605,123742
1268301,Jacquelin,Nada,O'Crigane,F,1971-05-27T04:00:00.000+0000,974-21-6214,81694
1268302,Omega,Celeste,Sibyllina,F,1957-03-12T05:00:00.000+0000,985-28-7130,57913
1268303,Debrah,Cynthia,Cantos,F,1995-10-01T04:00:00.000+0000,989-82-1577,47787
1268304,Margot,Kym,Bleesing,F,1957-11-25T05:00:00.000+0000,915-18-6436,64394
1268305,Melia,Etha,Reardon,F,1995-02-10T05:00:00.000+0000,902-85-1256,43561
1268306,Celia,Micaela,Dibden,F,1980-02-20T05:00:00.000+0000,987-37-3751,115170
1268307,Dana,Malisa,Licas,F,1982-01-05T05:00:00.000+0000,972-57-7211,97347
1268308,Jannie,Michiko,Eskrigge,F,1970-04-05T05:00:00.000+0000,971-70-8654,84742
1268309,Joslyn,Shantay,Trevan,F,1983-07-03T04:00:00.000+0000,953-44-1751,95579
1268310,Bertha,Isa,Brabender,F,1986-10-16T04:00:00.000+0000,920-84-6193,64179
1268311,Raeann,Flor,McMorran,F,1984-01-28T05:00:00.000+0000,942-59-8756,52554
1268312,Mahalia,Felica,Fiddiman,F,1998-06-24T04:00:00.000+0000,944-13-9542,55121
1268313,Alethea,Viviana,Tidcomb,F,1952-06-08T04:00:00.000+0000,952-51-8283,74513
1268314,Cassidy,Tonie,Fost,F,1982-02-25T05:00:00.000+0000,944-19-4780,63718
1268315,Estefana,Violet,Antushev,F,1959-10-18T04:00:00.000+0000,997-64-3369,75053
1268316,Katelyn,Heather,Hugnot,F,1983-02-22T05:00:00.000+0000,904-32-7351,117937
1268317,Charolette,Keesha,Slyvester,F,1984-08-23T04:00:00.000+0000,965-20-1351,50563
1268318,Lorean,Renay,McBryde,F,1989-07-15T04:00:00.000+0000,979-17-8775,73136
1268319,Deloise,Annmarie,Bartels-Ellis,F,1994-10-28T04:00:00.000+0000,914-20-4566,51248
1268320,Shawn,Laci,Reicherz,F,1994-09-06T04:00:00.000+0000,963-30-4939,95817
1268321,Letisha,Mistie,Nickerson,F,1994-04-08T04:00:00.000+0000,992-66-9273,91171
1268322,Rosaura,Carmelia,Grgic,F,1954-06-19T04:00:00.000+0000,937-93-5771,43650
1268323,Nam,Josefa,Mahood,F,1970-01-30T05:00:00.000+0000,970-70-2691,110991
1268324,Ilona,Janyce,Kun,F,1987-08-27T04:00:00.000+0000,950-57-4220,61781
1268325,Tawanna,Janel,Harston,F,1962-05-13T04:00:00.000+0000,975-95-7956,60449
1268326,Kyung,Meridith,Storkes,F,1995-09-30T04:00:00.000+0000,946-71-9630,95449
1268327,Ethyl,Zelma,Mathivet,F,1963-09-26T04:00:00.000+0000,923-15-4943,55255
1268328,Ariana,Cristy,Henfre,F,1955-12-23T05:00:00.000+0000,934-97-2577,74495
1268329,Lauralee,Joya,Mellanby,F,1960-08-30T04:00:00.000+0000,985-86-9020,85749
1268330,Simonne,Darcie,Delagua,F,1957-07-16T04:00:00.000+0000,921-44-7101,52648
1268331,Sang,Elfrieda,Sargood,F,1956-05-26T04:00:00.000+0000,908-97-2357,77964
1268332,Berry,Ilse,Klaffs,F,1971-03-01T05:00:00.000+0000,968-27-5406,69634
1268333,Maryam,Regine,Endrici,F,1966-12-24T05:00:00.000+0000,987-26-8496,82934
1268334,Hermelinda,Adelia,Heigold,F,1953-08-22T04:00:00.000+0000,943-38-5836,79060
1268335,Ema,Ellen,Muffett,F,1980-04-16T05:00:00.000+0000,964-22-6043,94591
1268336,Cecily,Aliza,Keese,F,1981-02-02T05:00:00.000+0000,935-67-2034,86274
1268337,Dorthea,Chantay,Franzonello,F,1973-10-25T04:00:00.000+0000,918-93-3050,74582
1268338,Mellisa,Alvina,Burston,F,1957-03-26T05:00:00.000+0000,977-40-7664,75068
1268339,Tova,Flossie,Ryam,F,1997-01-04T05:00:00.000+0000,924-76-4397,103207
1268340,Vanda,Elina,Pyne,F,1967-01-02T05:00:00.000+0000,961-96-4479,74557
1268341,Lavina,Ignacia,Quilliam,F,1972-02-27T05:00:00.000+0000,911-78-9877,75997
1268342,Denita,Alejandra,Hiskey,F,1978-04-17T05:00:00.000+0000,932-91-6537,79722
1268343,Ingeborg,Talitha,O'Fihily,F,1961-10-25T04:00:00.000+0000,964-90-7991,84322
1268344,Dixie,Cassondra,Stanislaw,F,1973-09-18T04:00:00.000+0000,925-75-9319,55141
1268345,Zenia,Carey,Lathy,F,1990-03-25T05:00:00.000+0000,957-67-5459,73567
1268346,Ruby,Evette,Hurtic,F,1981-06-27T04:00:00.000+0000,900-98-4746,69633
1268347,Shakita,Melinda,Heineken,F,1977-12-26T05:00:00.000+0000,923-45-7730,62705
1268348,Angelic,Misti,Ropert,F,1997-10-12T04:00:00.000+0000,977-71-3522,82044
1268349,Arminda,Etta,MacPaike,F,1990-05-01T04:00:00.000+0000,956-31-1671,83066
1268350,Rayna,Lean,Lillgard,F,1989-08-20T04:00:00.000+0000,992-31-8809,65349
1268351,Jesica,Lanette,Tansly,F,1967-01-27T05:00:00.000+0000,996-83-8666,90065
1268352,Fern,Kylee,Savil,F,1978-04-09T05:00:00.000+0000,903-82-4395,85569
1268353,Ivana,Aleta,Novic,F,1966-02-21T05:00:00.000+0000,903-18-3043,69201
1268354,Grace,Chin,Manley,F,1991-09-02T04:00:00.000+0000,989-95-6332,113539
1268355,Nelda,Maxima,Crackett,F,1961-10-08T04:00:00.000+0000,929-53-2378,78340
1268356,Vivien,Karolyn,Mengue,F,1989-04-08T04:00:00.000+0000,986-52-8505,77995
1268357,Naida,Cami,Innis,F,1979-12-11T05:00:00.000+0000,969-86-7534,83054
1268358,Marquetta,Orpha,Hansed,F,1992-09-09T04:00:00.000+0000,902-48-6550,61268
1268359,Chae,Sallie,Swires,F,1968-09-12T04:00:00.000+0000,915-57-1312,69617
1268360,Dann,Sharyl,McKag,F,1998-06-03T04:00:00.000+0000,960-78-3841,88289
1268361,Emerald,Dyan,Balogun,F,1965-04-25T05:00:00.000+0000,966-63-5853,77741
1268362,Lenita,Brigitte,Canniffe,F,1964-08-01T04:00:00.000+0000,907-25-6555,82562
1268363,Rebbecca,Katelynn,Brychan,F,1959-06-07T04:00:00.000+0000,972-85-5652,68424
1268364,Deandrea,Piper,Joselson,F,1975-11-07T05:00:00.000+0000,906-42-2386,66002
1268365,Andi,Lorette,Cuss,F,1974-10-30T05:00:00.000+0000,922-12-3760,91722
1268366,Kena,Gertrud,Woolnough,F,1982-09-29T04:00:00.000+0000,942-65-1062,53862
1268367,Trista,Denese,Costin,F,1983-02-16T05:00:00.000+0000,929-80-1322,61000
1268368,Delphine,Tianna,Lebrun,F,1959-06-19T04:00:00.000+0000,981-16-4368,78140
1268369,Charlsie,Vincenza,Ivanchenkov,F,1984-01-22T05:00:00.000+0000,944-67-9457,87434
1268370,Alvina,Leann,Franklen,F,1961-11-20T05:00:00.000+0000,928-83-4424,60641
1268371,Clarisa,Clotilde,Pine,F,1965-06-09T04:00:00.000+0000,961-19-5357,52597
1268372,Tonita,Natacha,Ricson,F,1986-03-26T05:00:00.000+0000,963-92-3045,55213
1268373,Jackqueline,Sally,Robben,F,1954-07-16T04:00:00.000+0000,937-70-5834,65181
1268374,Genevie,Jesusa,Prudham,F,1990-10-19T04:00:00.000+0000,920-66-2634,64605
1268375,Cammy,Hee,Le Claire,F,1990-11-20T05:00:00.000+0000,909-90-7420,70508
1268376,Dee,Latarsha,Eisikovitsh,F,1982-09-09T04:00:00.000+0000,921-50-5192,45135
1268377,Versie,Jillian,Kidson,F,1952-09-08T04:00:00.000+0000,936-64-3076,36438
1268378,Kasha,Reiko,Barthropp,F,1975-06-27T04:00:00.000+0000,977-95-9273,107918
1268379,Lissa,Garnett,Bancroft,F,1954-06-22T04:00:00.000+0000,989-92-9264,98845
1268380,Esta,Lila,Bein,F,1985-08-30T04:00:00.000+0000,995-31-1239,66544
1268381,Wilma,Yee,Moses,F,1989-03-03T05:00:00.000+0000,944-56-7559,102159
1268382,Lindsy,Marva,Hutcheon,F,1973-02-17T05:00:00.000+0000,987-93-1727,82533
1268383,Meghan,Nikita,Antonnikov,F,1979-04-26T05:00:00.000+0000,915-35-5734,85436
1268384,Carry,Rebeca,Woollacott,F,1980-11-21T05:00:00.000+0000,991-28-5989,71203
1268385,Lindsay,Alina,Parkisson,F,1985-03-22T05:00:00.000+0000,983-85-2981,114860
1268386,Shae,Kirstin,Fortesquieu,F,1959-06-11T04:00:00.000+0000,957-76-2075,88251
1268387,Brandi,Williemae,Ashlee,F,1987-11-01T05:00:00.000+0000,988-52-8897,93356
1268388,Eugene,Ellie,Haugh,F,1961-01-10T05:00:00.000+0000,928-41-2694,79974
1268389,Lana,Latanya,Dottridge,F,1990-09-12T04:00:00.000+0000,998-59-7610,95870
1268390,Iraida,Adriana,Marchello,F,1998-05-27T04:00:00.000+0000,922-13-2250,25729
1268391,Lala,Arline,Storks,F,1982-06-28T04:00:00.000+0000,959-52-8978,65009
1268392,Blair,Adaline,Daggett,F,1989-10-14T04:00:00.000+0000,974-35-6557,71257
1268393,Loyce,Marian,Twinborne,F,1985-01-11T05:00:00.000+0000,991-84-7494,78593
1268394,Albina,Sanjuana,Sigmund,F,1974-11-20T05:00:00.000+0000,916-92-1726,67605
1268395,Timika,Erminia,Spelsbury,F,1992-02-25T05:00:00.000+0000,951-77-6714,75938
1268396,Bianca,Michelle,Hasley,F,1974-07-26T04:00:00.000+0000,976-49-5474,103539
1268397,Ila,Rosanne,Mulmuray,F,1964-08-01T04:00:00.000+0000,918-94-3090,87865
1268398,Nena,Ashely,Mincher,F,1971-08-31T04:00:00.000+0000,960-79-4743,85459
1268399,Eugene,Dawne,Pidgeon,F,1971-03-25T05:00:00.000+0000,905-44-9939,86099
1268400,Yolanda,Christen,Banasiak,F,1989-04-18T04:00:00.000+0000,903-13-4752,98691
1268401,Roxann,Marilynn,Antoinet,F,1972-02-13T05:00:00.000+0000,918-85-5964,76607
1268402,Brianna,Nola,Casbourne,F,1970-03-18T05:00:00.000+0000,947-34-7513,71464
1268403,Danyelle,Louann,Garvill,F,1958-04-23T05:00:00.000+0000,904-23-6025,82717
1268404,Sabrina,Athena,Jaan,F,1995-04-25T04:00:00.000+0000,984-42-4792,71713
1268405,Darcie,Elna,Balke,F,1976-03-12T05:00:00.000+0000,924-23-8368,34354
1268406,Mui,Providencia,Grayley,F,1960-03-31T05:00:00.000+0000,924-36-4101,71852
1268407,Lynsey,Holley,Cousins,F,1986-12-07T05:00:00.000+0000,928-67-8254,47443
1268408,Kristyn,Myrta,Phateplace,F,1980-01-18T05:00:00.000+0000,963-41-1738,35962
1268409,Amal,Evita,Barbosa,F,1978-01-11T05:00:00.000+0000,991-94-7029,53533
1268410,Althea,Casie,Goncaves,F,1999-06-15T04:00:00.000+0000,979-64-6273,94983
1268411,Marvella,Suzie,Conneau,F,1998-08-20T04:00:00.000+0000,913-50-8193,70853
1268412,Sherryl,Ha,Hulks,F,1994-01-30T05:00:00.000+0000,916-70-8956,78720
1268413,Bibi,Elicia,Ciccottini,F,1965-04-12T05:00:00.000+0000,923-27-6211,87133
1268414,Magaly,Mable,Elbourn,F,1979-05-05T04:00:00.000+0000,941-61-4455,50594
1268415,Norma,Tiesha,Tirte,F,1985-12-04T05:00:00.000+0000,954-53-8450,48938
1268416,Paulita,Taneka,Redman,F,1966-10-14T04:00:00.000+0000,975-77-8060,93763
1268417,Lacey,Rachelle,Finn,F,1986-09-13T04:00:00.000+0000,666-89-6893,111734
1268418,Raven,Guillermina,Merner,F,1962-09-25T04:00:00.000+0000,988-93-4823,96719
1268419,Kathrin,Allie,Picford,F,1960-02-02T05:00:00.000+0000,901-55-7257,54464
1268420,Rochell,Miki,Fedder,F,1979-02-11T05:00:00.000+0000,928-63-2174,58955
1268421,Cherri,Babara,Rubbens,F,1973-05-27T04:00:00.000+0000,957-24-1757,61442
1268422,Felicita,Julieann,Teffrey,F,1993-02-23T05:00:00.000+0000,922-90-8757,64353
1268423,Vikki,Raven,Merriott,F,1957-06-28T04:00:00.000+0000,937-75-9445,53166
1268424,Elsy,Robin,Caccavale,F,1962-12-25T05:00:00.000+0000,955-33-3466,91169
1268425,Rosalyn,Jenette,Broschek,F,1952-06-03T04:00:00.000+0000,934-86-2165,73998
1268426,Arica,Brandy,Iddens,F,1969-10-05T04:00:00.000+0000,970-55-3288,82117
1268427,Viva,Chrissy,Kornes,F,1971-10-12T04:00:00.000+0000,944-86-9837,67719
1268428,Loma,Letisha,Horrigan,F,1957-10-08T04:00:00.000+0000,955-47-8070,102888
1268429,Nita,Myrtle,Drane,F,1956-12-21T05:00:00.000+0000,916-16-3224,73954
1268430,Deandrea,Pia,Hallwood,F,1971-02-11T05:00:00.000+0000,927-17-7941,90349
1268431,Garnett,Brooke,Fieldstone,F,1994-10-26T04:00:00.000+0000,923-55-3871,83607
1268432,Natalya,Kortney,Myrick,F,1990-05-16T04:00:00.000+0000,948-81-6409,35129
1268433,Carleen,Tatyana,McSweeney,F,1961-05-01T04:00:00.000+0000,933-38-2270,90874
1268434,Lu,Aileen,Beveridge,F,1976-04-21T05:00:00.000+0000,945-25-4820,88456
1268435,Julia,Tabetha,Samuel,F,1976-03-04T05:00:00.000+0000,970-12-3205,58826
1268436,Karma,Karyn,Sprason,F,1985-10-25T04:00:00.000+0000,937-77-3205,51812
1268437,Theressa,Ali,Kohnen,F,1962-10-05T04:00:00.000+0000,933-79-8596,109827
1268438,Myrl,Fumiko,Klaas,F,1956-08-20T04:00:00.000+0000,965-62-1382,66139
1268439,Shaun,Rosina,Acland,F,1969-11-22T05:00:00.000+0000,666-69-6141,75654
1268440,Pansy,Ciara,Hurch,F,1967-04-15T05:00:00.000+0000,936-90-6011,81997
1268441,Felisa,Larita,Heffron,F,1965-03-19T05:00:00.000+0000,997-44-5435,76826
1268442,Millicent,Maida,Bootes,F,1977-01-12T05:00:00.000+0000,942-55-8617,41341
1268443,Selina,Regina,Rhys,F,1999-03-17T05:00:00.000+0000,965-76-6892,65114
1268444,Eneida,Allyn,Ervine,F,1979-12-05T05:00:00.000+0000,968-89-8025,54008
1268445,Shela,Kellee,Dumbelton,F,1965-03-07T05:00:00.000+0000,975-51-6905,74794
1268446,Bev,Linda,Twiddle,F,1970-03-03T05:00:00.000+0000,901-83-8756,82209
1268447,Elva,Carry,Sanham,F,1958-03-23T05:00:00.000+0000,917-40-5501,54458
1268448,Robin,Estelle,Perri,F,1975-07-25T04:00:00.000+0000,956-39-7567,65664
1268449,Chandra,Claudine,Linford,F,1972-07-18T04:00:00.000+0000,989-77-3378,80903
1268450,Lanelle,Sondra,Berkelay,F,1967-11-23T05:00:00.000+0000,911-15-8953,138254
1268451,Lexie,Janine,Tidman,F,1955-11-23T05:00:00.000+0000,901-26-9474,66600
1268452,Emerald,Lorna,O'Scannill,F,1998-05-07T04:00:00.000+0000,992-51-5097,103627
1268453,Dakota,Flavia,Blowne,F,1984-07-28T04:00:00.000+0000,959-46-6919,96103
1268454,Berry,Delois,Sabin,F,1958-05-19T04:00:00.000+0000,986-22-3504,88570
1268455,Joella,Christie,Pude,F,1984-08-29T04:00:00.000+0000,922-96-6509,69545
1268456,Zetta,Magen,Bratten,F,1996-10-11T04:00:00.000+0000,920-41-1359,92200
1268457,Ela,Savannah,Gossling,F,1985-03-02T05:00:00.000+0000,931-31-6161,82333
1268458,Rosita,Charleen,Cubberley,F,1991-11-21T05:00:00.000+0000,938-65-7468,35234
1268459,Danielle,Akiko,Curme,F,1986-02-05T05:00:00.000+0000,983-11-4332,75583
1268460,Jerlene,Hanh,Beardmore,F,1978-03-06T05:00:00.000+0000,907-13-6049,32780
1268461,Jacinta,Clorinda,Perfili,F,1972-07-28T04:00:00.000+0000,928-64-4125,71763
1268462,Nerissa,Melodee,Cranmore,F,1966-06-17T04:00:00.000+0000,969-13-2691,72111
1268463,Starla,Lavenia,MacAiline,F,1971-01-19T05:00:00.000+0000,922-36-9519,71302
1268464,Sheryl,Kaycee,Belone,F,1990-11-30T05:00:00.000+0000,958-51-3033,73930
1268465,Laree,Iraida,Tansey,F,1979-04-30T04:00:00.000+0000,996-37-6589,74846
1268466,Yetta,Patty,Quant,F,1991-01-09T05:00:00.000+0000,666-35-2343,80804
1268467,Jenni,Karissa,Eger,F,1969-12-14T05:00:00.000+0000,994-30-9131,51083
1268468,Delana,Asley,Buret,F,1974-02-01T04:00:00.000+0000,949-14-4527,74568
1268469,Danelle,Ivonne,Kropach,F,1954-06-07T04:00:00.000+0000,948-45-6002,86112
1268470,Rebbecca,Magnolia,Bernhardsson,F,1967-03-04T05:00:00.000+0000,978-12-5180,55050
1268471,Darci,Racquel,Fishpond,F,1957-01-31T05:00:00.000+0000,909-73-7029,66065
1268472,Earlene,Pearly,Sterley,F,1956-12-19T05:00:00.000+0000,914-86-2680,53505
1268473,Tanya,Deeann,Saw,F,1997-11-28T05:00:00.000+0000,974-76-8062,103660
1268474,Verlie,Sherrie,Chaster,F,1980-06-23T04:00:00.000+0000,993-25-8308,93701
1268475,Kandis,Tam,Allcroft,F,1990-04-30T04:00:00.000+0000,961-23-6459,15357
1268476,Ayanna,Ariana,Timmens,F,1978-09-28T04:00:00.000+0000,972-27-1129,61424
1268477,Teri,Lonna,Benzies,F,1953-05-02T04:00:00.000+0000,965-98-8862,99342
1268478,Reena,Ilona,Diver,F,1989-04-21T04:00:00.000+0000,992-25-6508,97678
1268479,Sharyn,Bernadine,Pither,F,1997-02-02T05:00:00.000+0000,938-64-8299,72171
1268480,Ardell,Cheryle,Menchenton,F,1987-11-30T05:00:00.000+0000,978-51-9080,87325
1268481,Susanne,Antonette,Windridge,F,1974-03-24T04:00:00.000+0000,953-81-7408,94217
1268482,Delorse,Cammie,Montier,F,1984-05-29T04:00:00.000+0000,981-83-4240,100844
1268483,Cleta,Nicola,Lavers,F,1979-02-05T05:00:00.000+0000,953-39-7439,71610
1268484,Belen,Tennie,Annell,F,1997-10-29T05:00:00.000+0000,984-31-1802,36851
1268485,Tori,Tasha,Stanyan,F,1988-03-24T05:00:00.000+0000,923-95-2976,79923
1268486,Jen,Marya,Platts,F,1954-07-09T04:00:00.000+0000,926-66-4753,93036
1268487,Delphine,Philomena,Brennand,F,1971-05-21T04:00:00.000+0000,968-70-9976,25330
1268488,Charmain,Corinne,Powney,F,1976-01-02T05:00:00.000+0000,992-60-6930,82170
1268489,Glady,Janett,Inde,F,1984-10-11T04:00:00.000+0000,909-78-4295,89252
1268490,Maryjane,Loralee,Harling,F,1974-12-29T05:00:00.000+0000,967-35-3749,79510
1268491,Lonnie,Dena,Walling,F,1977-04-11T05:00:00.000+0000,992-50-4370,71285
1268492,Gisele,Lupe,Ellph,F,1985-09-09T04:00:00.000+0000,910-83-4622,123071
1268493,Toni,Patrina,Burtonshaw,F,1992-07-02T04:00:00.000+0000,969-42-9407,70304
1268494,Kimbery,Nova,Upward,F,1968-02-08T05:00:00.000+0000,996-38-7279,67348
1268495,Marni,Sherill,Cadman,F,1979-01-17T05:00:00.000+0000,987-86-4875,59596
1268496,Berniece,Julianne,Geany,F,1975-10-29T05:00:00.000+0000,971-74-2362,117328
1268497,Theodora,Lavada,Mersh,F,1966-12-05T05:00:00.000+0000,995-51-8074,77240
1268498,Lyla,Debby,Chattoe,F,1962-04-01T05:00:00.000+0000,992-69-1919,87819
1268499,Renee,Marietta,Cadlock,F,1998-04-08T04:00:00.000+0000,932-19-4341,54375
1268500,Shandi,Bethanie,Eccersley,F,1983-09-23T04:00:00.000+0000,917-19-9760,91030
1268501,Kenyetta,Shery,Crees,F,1994-10-28T04:00:00.000+0000,985-23-5004,67288
1268502,Ivelisse,Elinor,Covet,F,1969-07-24T04:00:00.000+0000,914-54-1461,57720
1268503,Josphine,Mandy,Fibbitts,F,1962-11-07T05:00:00.000+0000,907-93-9587,91142
1268504,Argentina,Leoma,Stellin,F,1970-10-08T04:00:00.000+0000,959-74-7604,52179
1268505,Taryn,Syreeta,Schoales,F,1960-10-17T04:00:00.000+0000,947-74-4766,87631
1268506,Mazie,Treva,Haily,F,1997-09-08T04:00:00.000+0000,920-38-4312,74996
1268507,Leda,Marylynn,Smitham,F,1962-05-11T04:00:00.000+0000,929-55-1144,67659
1268508,Marita,Keturah,Hunnisett,F,1983-01-28T05:00:00.000+0000,921-75-8427,92138
1268509,Deja,Brigida,McGeachey,F,1987-08-10T04:00:00.000+0000,950-23-5094,62384
1268510,Vickie,Lezlie,Alban,F,1973-04-07T05:00:00.000+0000,972-69-9415,33872
1268511,Sallie,Easter,Maskell,F,1961-01-31T05:00:00.000+0000,976-27-5978,49342
1268512,Leeann,Kiesha,Bellino,F,1981-11-03T05:00:00.000+0000,963-71-1223,98968
1268513,Marilyn,Amparo,Gillogley,F,1984-07-26T04:00:00.000+0000,961-70-6746,64524
1268514,Shira,Belle,Gammie,F,1973-01-30T05:00:00.000+0000,931-57-6289,56243
1268515,Evelin,Leisha,Wimbridge,F,1985-03-24T05:00:00.000+0000,964-77-5905,63452
1268516,Sylvia,Maudie,Manchester,F,1970-06-26T04:00:00.000+0000,962-81-3527,93419
1268517,Jannette,Marcela,Islep,F,1978-09-12T04:00:00.000+0000,984-62-2176,95377
1268518,Ardelle,Delores,Roath,F,1974-06-26T04:00:00.000+0000,923-30-5174,73871
1268519,Allison,Domenica,Chadwyck,F,1959-08-10T04:00:00.000+0000,946-24-1382,56760
1268520,Heather,Launa,Godin,F,1984-05-24T04:00:00.000+0000,962-43-3630,70169
1268521,Iola,Bobby,Veelers,F,1997-02-07T05:00:00.000+0000,985-30-3888,71354
1268522,Georgiana,Jaymie,Beckey,F,1974-06-10T04:00:00.000+0000,946-41-8732,86467
1268523,Margorie,Ngoc,Nuss,F,1972-11-13T05:00:00.000+0000,996-19-5286,64546
1268524,Yadira,Gia,Franzel,F,1970-05-04T04:00:00.000+0000,961-78-8037,67649
1268525,Cathi,Kirstie,Snoddy,F,1958-02-08T05:00:00.000+0000,991-29-6199,81799
1268526,Janey,Leena,Rain,F,1999-05-30T04:00:00.000+0000,978-31-2837,61935
1268527,Deja,Charita,McSaul,F,1956-02-07T05:00:00.000+0000,908-60-2221,55794
1268528,Delma,Lianne,Lamburn,F,1991-11-26T05:00:00.000+0000,987-87-6038,111654
1268529,Nell,Mozell,Joontjes,F,1960-05-20T04:00:00.000+0000,935-45-3388,48810
1268530,Laurette,Marge,Gudger,F,1981-03-11T05:00:00.000+0000,903-85-5498,112714
1268531,Elwanda,Ofelia,Feely,F,1975-07-03T04:00:00.000+0000,900-18-6235,82240
1268532,Kary,Rosaria,Workes,F,1980-03-27T05:00:00.000+0000,916-31-1819,83825
1268533,Valene,Afton,Crangle,F,1981-12-22T05:00:00.000+0000,955-47-3824,23564
1268534,Bobbie,Chan,Ivanaev,F,1954-07-04T04:00:00.000+0000,940-10-5448,87626
1268535,Maxima,Vera,Mudge,F,1974-08-08T04:00:00.000+0000,946-97-8637,62833
1268536,Shanita,Winona,Thornewell,F,1958-11-16T05:00:00.000+0000,986-83-5258,63828
1268537,Janeen,Jaimie,Lassells,F,1999-12-05T05:00:00.000+0000,949-87-9189,39980
1268538,Tiesha,Gwyneth,Thicking,F,1972-01-01T05:00:00.000+0000,908-87-9004,68431
1268539,Mui,Torie,Wones,F,1983-03-27T05:00:00.000+0000,981-98-5352,55848
1268540,Genoveva,Terica,Abrahmer,F,1991-07-21T04:00:00.000+0000,976-57-6698,111623
1268541,Tosha,Dollie,Ornells,F,1952-09-02T04:00:00.000+0000,937-12-8979,98751
1268542,Latasha,Esther,Ranahan,F,1979-12-20T05:00:00.000+0000,978-42-5735,110074
1268543,June,Shirely,Younge,F,1999-05-18T04:00:00.000+0000,948-68-8262,59617
1268544,Jessie,Bethanie,Deboo,F,1964-11-28T05:00:00.000+0000,950-54-8945,60694
1268545,Roseline,Marivel,Gregolin,F,1974-07-14T04:00:00.000+0000,913-20-3098,90796
1268546,Clementina,Mickie,Baggott,F,1972-05-08T04:00:00.000+0000,917-25-8111,103048
1268547,Adriane,Karla,Tuminelli,F,1983-04-13T05:00:00.000+0000,948-98-5780,96146
1268548,Sherri,Simona,Urien,F,1999-03-30T05:00:00.000+0000,909-62-4277,87284
1268549,Jeanelle,Ghislaine,Farquharson,F,1976-08-15T04:00:00.000+0000,920-55-4563,62253
1268550,Shakita,Marcella,Wort,F,1978-11-25T05:00:00.000+0000,921-32-6119,61357
1268551,Skye,Lupe,Chilcott,F,1957-06-09T04:00:00.000+0000,916-60-2553,66450
1268552,Suzie,Valerie,Cristofolini,F,1967-10-02T04:00:00.000+0000,995-64-6958,72975
1268553,Natalya,Coralee,McKevitt,F,1960-05-23T04:00:00.000+0000,998-89-6057,89488
1268554,Suellen,Brook,Carlile,F,1997-06-03T04:00:00.000+0000,911-10-6990,82268
1268555,Laticia,Shemika,Gooderson,F,1977-06-02T04:00:00.000+0000,914-15-2411,59679
1268556,Tandra,Dagmar,Tamlett,F,1973-05-17T04:00:00.000+0000,906-20-1168,70995
1268557,Antonetta,Claudette,Tottle,F,1967-04-25T05:00:00.000+0000,915-67-6705,79552
1268558,Shakira,Ivey,Houldey,F,1996-02-06T05:00:00.000+0000,976-61-4030,90018
1268559,Arianne,Edda,Freeborn,F,1970-04-24T05:00:00.000+0000,958-17-1426,59975
1268560,Emmaline,Prudence,Morgans,F,1971-07-20T04:00:00.000+0000,972-13-6178,66608
1268561,Sabine,Arden,Larsen,F,1952-08-23T04:00:00.000+0000,906-41-7846,95688
1268562,Nichelle,Birdie,Speedy,F,1961-01-15T05:00:00.000+0000,923-47-7435,86137
1268563,Savanna,Audria,Rosenblum,F,1980-02-17T05:00:00.000+0000,968-34-4370,130434
1268564,Penney,Kia,Dabney,F,1952-10-30T05:00:00.000+0000,963-94-5506,69858
1268565,Keisha,Larhonda,Killock,F,1983-03-04T05:00:00.000+0000,928-45-3900,119306
1268566,Kimberely,Dodie,Bruckenthal,F,1974-07-24T04:00:00.000+0000,969-44-9343,102837
1268567,Gabriella,Lulu,Heggs,F,1956-06-28T04:00:00.000+0000,914-91-5869,60074
1268568,Valery,Penny,Iron,F,1958-12-25T05:00:00.000+0000,966-30-2308,88101
1268569,Kelli,Verla,Lanaway,F,1975-08-20T04:00:00.000+0000,955-67-6062,74047
1268570,Clelia,Althea,Constable,F,1964-03-11T05:00:00.000+0000,901-28-1877,75417
1268571,Cathey,Britt,Saunper,F,1968-01-26T05:00:00.000+0000,972-59-6928,62194
1268572,Josefina,Kasie,Heddy,F,1991-09-26T04:00:00.000+0000,993-34-1329,84702
1268573,Karin,Queenie,Garred,F,1983-04-03T05:00:00.000+0000,988-91-5840,85977
1268574,Tabetha,Julie,Bullan,F,1979-03-10T05:00:00.000+0000,986-90-3551,59353
1268575,Tana,Sharie,Greenaway,F,1990-04-23T04:00:00.000+0000,934-46-3016,71841
1268576,Arie,Lenore,Tysack,F,1981-10-12T04:00:00.000+0000,920-41-9100,93813
1268577,Eladia,Dimple,Lyal,F,1969-10-23T04:00:00.000+0000,943-86-6958,116902
1268578,Pennie,Pennie,Di Lucia,F,1959-04-03T05:00:00.000+0000,949-39-3263,56191
1268579,Kathyrn,Alethea,Spraging,F,1961-04-22T05:00:00.000+0000,988-14-4550,80371
1268580,Lillie,Maragaret,Shilston,F,1964-04-30T04:00:00.000+0000,934-18-6528,79514
1268581,Kerri,Ashlyn,Maha,F,1974-08-23T04:00:00.000+0000,955-80-8691,45967
1268582,Magen,Merry,Kernar,F,1997-11-19T05:00:00.000+0000,962-12-4776,67771
1268583,Clair,Akiko,Skaife d'Ingerthorpe,F,1979-08-21T04:00:00.000+0000,986-82-3613,52177
1268584,Nadia,Annamarie,Redhead,F,1975-01-13T05:00:00.000+0000,992-37-1887,88686
1268585,Maureen,Gale,Tibald,F,1952-05-07T04:00:00.000+0000,982-14-3999,93435
1268586,Marge,Lesli,Coolson,F,1961-01-26T05:00:00.000+0000,905-32-1217,47807
1268587,Athena,Kim,Asbury,F,1986-11-09T05:00:00.000+0000,901-36-8238,77612
1268588,Luella,Gerda,Benezeit,F,1952-11-20T05:00:00.000+0000,976-89-9072,44719
1268589,Velma,Bridgette,Reese,F,1981-11-16T05:00:00.000+0000,968-50-3215,65195
1268590,Nila,Davina,Slimings,F,1954-04-18T05:00:00.000+0000,970-78-1219,88964
1268591,Kary,Patria,Lakey,F,1952-07-21T04:00:00.000+0000,947-58-6220,23973
1268592,Karma,Rosann,Kydd,F,1987-06-24T04:00:00.000+0000,951-28-5091,65554
1268593,Lovetta,Melita,Berntssen,F,1981-06-30T04:00:00.000+0000,944-58-4846,92440
1268594,Sonya,Merna,Cammocke,F,1989-06-05T04:00:00.000+0000,972-27-7343,46577
1268595,Janay,Una,Ganniclifft,F,1972-08-08T04:00:00.000+0000,994-35-1598,88246
1268596,Nona,Leonarda,Conachie,F,1957-06-20T04:00:00.000+0000,982-25-2253,86832
1268597,Providencia,Dannielle,Accomb,F,1978-10-24T04:00:00.000+0000,974-33-9471,67202
1268598,Devora,Olga,Clift,F,1976-01-30T05:00:00.000+0000,997-22-4176,63176
1268599,Eve,Madalene,Burne,F,1992-11-03T05:00:00.000+0000,666-10-2558,39982
1268600,Karol,Spring,Delort,F,1964-09-10T04:00:00.000+0000,956-39-1033,48567
1268601,Dena,Chantelle,Scoggin,F,1956-11-17T05:00:00.000+0000,913-84-3483,99830
1268602,Christia,Estefana,Casey,F,1955-11-18T05:00:00.000+0000,935-68-6678,97354
1268603,Nicki,Alyse,Kelner,F,1975-12-21T05:00:00.000+0000,973-46-1438,89544
1268604,Clemmie,Sharilyn,Bartalin,F,1956-04-11T05:00:00.000+0000,966-97-9620,76977
1268605,Karolyn,Ariel,Epps,F,1958-01-22T05:00:00.000+0000,916-83-3504,52327
1268606,Anabel,Linnea,Jiras,F,1984-10-22T04:00:00.000+0000,942-95-5497,77601
1268607,Cherie,Starla,Alessandrelli,F,1958-06-12T04:00:00.000+0000,905-54-2127,95037
1268608,Wendi,Eleanore,Di Dello,F,1990-05-30T04:00:00.000+0000,972-93-7590,56253
1268609,Jerica,Arlyne,Pacht,F,1957-01-15T05:00:00.000+0000,950-75-2912,88223
1268610,Vicenta,Argentina,Dryburgh,F,1988-06-29T04:00:00.000+0000,952-79-7700,95835
1268611,Angelena,Petrina,Reiner,F,1968-12-21T05:00:00.000+0000,907-23-4857,33156
1268612,Alison,Annmarie,Salman,F,1957-08-01T04:00:00.000+0000,936-88-8371,69243
1268613,Teresa,Telma,MacArd,F,1997-07-02T04:00:00.000+0000,958-94-2625,53112
1268614,Genesis,Jeanette,Hawkings,F,1965-10-19T04:00:00.000+0000,919-18-7018,42032
1268615,Nicky,Temple,Exell,F,1987-06-07T04:00:00.000+0000,950-49-9695,73014
1268616,Julee,Onie,Eixenberger,F,1978-09-05T04:00:00.000+0000,960-64-2006,48681
1268617,Lia,Latoyia,Waplington,F,1979-04-08T05:00:00.000+0000,960-95-6137,66296
1268618,Danyel,Ardis,Winchcum,F,1966-04-23T05:00:00.000+0000,986-26-7076,36994
1268619,Marylee,Adriene,Loveless,F,1991-01-06T05:00:00.000+0000,938-75-7842,57165
1268620,Kristyn,Karole,Cawthron,F,1969-08-03T04:00:00.000+0000,950-18-3569,62603
1268621,Ilene,Dolores,Isac,F,1979-03-08T05:00:00.000+0000,912-80-5814,72271
1268622,Luise,Marissa,Coite,F,1980-08-01T04:00:00.000+0000,901-23-5448,97830
1268623,Marielle,Terica,Kohnert,F,1985-03-10T05:00:00.000+0000,999-18-7920,77451
1268624,Casandra,Darlena,Lamplough,F,1996-05-02T04:00:00.000+0000,983-72-2840,60096
1268625,Valarie,Julianne,Renshell,F,1978-05-09T04:00:00.000+0000,969-85-7149,61473
1268626,Latonya,Gina,Liell,F,1958-08-08T04:00:00.000+0000,972-36-2813,57335
1268627,Chanda,Marlana,Clarey,F,1974-10-05T04:00:00.000+0000,956-22-3773,43375
1268628,Sophie,Ilse,Trodden,F,1956-07-21T04:00:00.000+0000,940-56-2532,61737
1268629,Cleora,Wendie,Yanov,F,1974-04-09T04:00:00.000+0000,952-77-9997,32407
1268630,Alyson,Yadira,Baudet,F,1991-04-05T05:00:00.000+0000,900-83-4667,78222
1268631,Ruby,Elsy,Mayell,F,1988-09-27T04:00:00.000+0000,960-51-7266,59002
1268632,Brittney,Marylin,Saller,F,1971-02-01T05:00:00.000+0000,970-77-4473,43801
1268633,Naoma,Theresia,Riddel,F,1976-07-16T04:00:00.000+0000,979-63-6340,101539
1268634,Tisha,Tijuana,Tran,F,1992-06-28T04:00:00.000+0000,943-55-5275,65049
1268635,Teena,Annalee,Gilder,F,1978-10-13T04:00:00.000+0000,971-18-6317,59117
1268636,Mona,Dwana,Labba,F,1969-03-24T05:00:00.000+0000,923-82-2058,56508
1268637,Shawn,Catarina,Rundle,F,1993-02-02T05:00:00.000+0000,925-97-3167,100221
1268638,Krishna,Shelby,Ridgeway,F,1970-03-20T05:00:00.000+0000,903-11-1891,64764
1268639,Brandi,Jamee,Terron,F,1998-08-30T04:00:00.000+0000,960-89-6338,88929
1268640,Sulema,Johnnie,Kerkham,F,1990-06-18T04:00:00.000+0000,979-90-8929,52786
1268641,Christen,Darline,Graal,F,1967-04-05T05:00:00.000+0000,900-43-6189,93421
1268642,Zona,Elsy,Urch,F,1958-06-19T04:00:00.000+0000,973-44-9216,72866
1268643,Carina,Cristy,Snawdon,F,1984-06-15T04:00:00.000+0000,970-13-7639,86064
1268644,Merlene,Grayce,Brownhill,F,1998-09-30T04:00:00.000+0000,976-84-5232,76622
1268645,Narcisa,Babette,Minto,F,1957-07-25T04:00:00.000+0000,908-63-7220,108840
1268646,Yevette,Allyson,Hammersley,F,1961-04-07T05:00:00.000+0000,666-78-5554,82137
1268647,Maxie,Violeta,Chubb,F,1977-11-09T05:00:00.000+0000,986-58-3229,74755
1268648,Joyce,Delois,Wormstone,F,1987-05-10T04:00:00.000+0000,944-20-2809,38836
1268649,Noriko,Christel,Newbery,F,1976-03-08T05:00:00.000+0000,945-21-2259,60389
1268650,Louisa,Geri,Scotsbrook,F,1955-04-12T05:00:00.000+0000,951-96-6070,88458
1268651,Fabiola,Daphine,Webland,F,1976-12-29T05:00:00.000+0000,937-73-3877,99565
1268652,Yoshie,Sharyn,Barnsdall,F,1954-03-16T05:00:00.000+0000,995-30-1808,57165
1268653,Bette,Catherin,Hyatt,F,1996-11-06T05:00:00.000+0000,981-89-2951,53785
1268654,Lakita,Victorina,Millichap,F,1997-02-09T05:00:00.000+0000,998-55-1740,57772
1268655,Margart,Rosette,Cuppleditch,F,1955-09-06T04:00:00.000+0000,910-47-5136,98151
1268656,Sherri,Grace,Yoseloff,F,2000-01-24T05:00:00.000+0000,918-49-7965,39202
1268657,Eden,Cinthia,Blofield,F,1975-08-08T04:00:00.000+0000,983-62-4604,75925
1268658,Alpha,Zandra,Blamphin,F,1969-02-21T05:00:00.000+0000,952-16-5690,73198
1268659,Evelin,Joella,Peetermann,F,1964-12-24T05:00:00.000+0000,925-71-8201,61402
1268660,Blanca,Joan,Banaszczyk,F,1972-09-18T04:00:00.000+0000,980-15-2575,87874
1268661,Suzanna,Sheena,Lowdeane,F,1954-04-10T05:00:00.000+0000,922-86-8453,91222
1268662,Maryann,Lakia,Dobbison,F,1970-03-08T05:00:00.000+0000,973-66-2934,110415
1268663,Jeanetta,Cherri,Dowsing,F,1973-04-18T05:00:00.000+0000,919-28-2859,59214
1268664,Evelyn,Mollie,Tait,F,1988-09-10T04:00:00.000+0000,941-95-9146,67214
1268665,Yuki,Loni,Tappor,F,1981-12-06T05:00:00.000+0000,917-76-1322,79959
1268666,Sha,Candace,Kybbye,F,1981-02-14T05:00:00.000+0000,917-54-1943,113558
1268667,Rita,Zaida,Klambt,F,1971-03-01T05:00:00.000+0000,930-48-3439,55130
1268668,Arnita,Krysta,Wateridge,F,1976-09-27T04:00:00.000+0000,990-16-6451,70790
1268669,Orpha,Maida,Alsford,F,1972-08-07T04:00:00.000+0000,969-15-3252,73364
1268670,Inell,Clora,Ouldcott,F,1977-02-03T05:00:00.000+0000,930-38-2458,93306
1268671,Karol,Lila,Gutch,F,1959-06-20T04:00:00.000+0000,989-67-8269,59829
1268672,Miyoko,Antoinette,Ainscow,F,1961-08-04T04:00:00.000+0000,928-21-8968,102819
1268673,Sina,Marin,Chapier,F,1979-02-07T05:00:00.000+0000,991-51-4390,96645
1268674,Shaunta,Amy,Chetwin,F,1974-10-03T04:00:00.000+0000,942-50-1718,63122
1268675,Emerita,Simone,Raulston,F,1972-03-15T05:00:00.000+0000,910-89-6557,67490
1268676,Jacquelyne,Penni,Smallwood,F,1986-11-01T05:00:00.000+0000,903-20-6153,41507
1268677,Marquitta,Tawnya,Scammell,F,1987-09-18T04:00:00.000+0000,933-15-3709,60004
1268678,Mana,Spring,"Messer,",F,1978-03-09T05:00:00.000+0000,973-37-9061,57679
1268679,Lanie,Barrie,Weigh,F,1973-11-20T05:00:00.000+0000,958-57-1368,75214
1268680,Nakia,Alejandra,Earsman,F,1971-12-12T05:00:00.000+0000,924-57-6976,85392
1268681,Kayce,Whitley,Lowdes,F,1963-05-14T04:00:00.000+0000,944-14-8094,76805
1268682,Ailene,Leonor,Yates,F,1984-02-08T05:00:00.000+0000,981-86-7238,69031
1268683,Michell,Joie,McKay,F,1986-05-07T04:00:00.000+0000,942-27-7573,98979
1268684,Ghislaine,Elfreda,Goss,F,1981-04-22T05:00:00.000+0000,989-13-5415,83884
1268685,Brynn,Vivian,Godart,F,1991-01-16T05:00:00.000+0000,942-38-2589,71977
1268686,Brook,Chris,Brandino,F,1996-10-27T04:00:00.000+0000,946-37-8236,81097
1268687,Helena,Cleta,Werlock,F,1998-08-01T04:00:00.000+0000,992-70-9346,63073
1268688,Hildred,Halina,Blouet,F,1999-10-30T04:00:00.000+0000,906-71-1479,86951
1268689,Jannette,Kathlyn,Tidridge,F,1957-05-04T04:00:00.000+0000,972-31-9137,93750
1268690,Laila,Juliane,Joderli,F,1973-11-11T05:00:00.000+0000,974-25-2229,76538
1268691,Delphia,Lois,Haythornthwaite,F,1995-01-30T05:00:00.000+0000,995-68-6188,91320
1268692,Oleta,Dedra,Boyle,F,1968-04-06T05:00:00.000+0000,987-80-2376,75333
1268693,Regine,Viki,Sirmon,F,1992-09-16T04:00:00.000+0000,935-19-2034,66687
1268694,Teresa,Amparo,Du Plantier,F,1980-02-14T05:00:00.000+0000,954-42-3651,60836
1268695,Bernetta,Aleen,Stobo,F,1995-09-16T04:00:00.000+0000,939-39-6068,69474
1268696,Cecile,Tarah,Fishbourne,F,1968-07-20T04:00:00.000+0000,925-46-1616,103380
1268697,Carolyn,Regenia,Kenewell,F,1990-11-24T05:00:00.000+0000,932-69-2339,85715
1268698,Kyung,Katherin,Subhan,F,1983-02-15T05:00:00.000+0000,979-16-7921,39146
1268699,Armida,Clarine,Tokell,F,1954-04-22T05:00:00.000+0000,964-77-9399,70542
1268700,Eusebia,Tiny,Castle,F,1983-01-02T05:00:00.000+0000,960-91-8526,70981
1268701,Layne,Natosha,Camelli,F,1975-08-01T04:00:00.000+0000,990-95-8400,82405
1268702,Franchesca,Carol,Thireau,F,1986-12-10T05:00:00.000+0000,925-50-1179,94489
1268703,Sierra,Dusti,Milroy,F,1970-02-24T05:00:00.000+0000,908-97-1827,116022
1268704,Kelli,Tarra,Wince,F,1993-10-11T04:00:00.000+0000,957-94-2170,84713
1268705,Jaimie,Chrissy,Cullin,F,1961-08-21T04:00:00.000+0000,952-32-8058,79421
1268706,Eugene,Shelba,Oakeby,F,1961-04-26T05:00:00.000+0000,913-45-1511,68334
1268707,Corrin,Earlie,Yemm,F,1995-04-16T04:00:00.000+0000,934-88-5997,71673
1268708,Keren,Lavette,Dalglish,F,1986-06-27T04:00:00.000+0000,962-31-5078,77953
1268709,Deneen,Shawana,Sharpin,F,1979-03-12T05:00:00.000+0000,937-31-8253,90818
1268710,Fredia,Krista,Ghidoli,F,1981-04-02T05:00:00.000+0000,941-52-7485,81741
1268711,Coretta,Jacqui,Vassall,F,1974-08-14T04:00:00.000+0000,946-22-9277,108308
1268712,Teodora,Terina,Stones,F,1988-03-20T05:00:00.000+0000,921-11-9807,68786
1268713,Carin,Angle,Jessel,F,1980-07-07T04:00:00.000+0000,919-53-4455,106583
1268714,Angeles,Ema,McGuane,F,1954-02-10T05:00:00.000+0000,994-25-5174,116551
1268715,Amee,Kirstin,Tattam,F,1967-02-02T05:00:00.000+0000,959-87-9610,68311
1268716,Romelia,Candelaria,Pinyon,F,1956-02-14T05:00:00.000+0000,999-37-7773,70561
1268717,Mozell,Kyoko,Bunning,F,1981-04-23T05:00:00.000+0000,970-75-9056,67777
1268718,Leeanna,Sumiko,Cunah,F,1981-12-14T05:00:00.000+0000,954-45-2903,72399
1268719,Marisol,Lien,Flintoft,F,1997-07-30T04:00:00.000+0000,960-38-3325,64044
1268720,Lucy,Cindy,Jiggens,F,1959-06-23T04:00:00.000+0000,960-59-5017,55940
1268721,Phung,Shirleen,Tax,F,1970-02-04T05:00:00.000+0000,970-75-4611,70813
1268722,Tressie,Kanisha,Pawden,F,1965-07-11T04:00:00.000+0000,935-98-9227,49263
1268723,Jaye,Fannie,Vedenichev,F,1963-11-01T05:00:00.000+0000,908-85-4055,70297
1268724,Lili,Eulalia,Denslow,F,1965-03-13T05:00:00.000+0000,954-68-9117,36287
1268725,Kary,Livia,Raulston,F,1961-06-24T04:00:00.000+0000,939-56-5300,43043
1268726,Myrle,Jenell,Quig,F,1973-06-19T04:00:00.000+0000,666-91-3456,81142
1268727,Chau,Shelly,Marvell,F,1986-03-07T05:00:00.000+0000,945-68-6631,95723
1268728,Janis,Keira,Hutable,F,1956-10-30T05:00:00.000+0000,999-62-9055,72270
1268729,Corie,Lelah,Swash,F,1961-10-26T04:00:00.000+0000,937-22-1672,49449
1268730,Veda,Angeline,Comini,F,1964-01-11T05:00:00.000+0000,976-66-4578,35575
1268731,Ardith,Janita,Kernoghan,F,1999-09-01T04:00:00.000+0000,931-52-6949,57724
1268732,Glayds,Jacquelyne,Antonikov,F,1959-07-02T04:00:00.000+0000,963-65-8474,74511
1268733,Suellen,Elene,Adshad,F,1969-10-11T04:00:00.000+0000,916-35-5912,61155
1268734,Laurette,Thalia,Beaze,F,1979-01-21T05:00:00.000+0000,928-80-8009,96324
1268735,Renna,Brittani,Latey,F,1963-04-01T05:00:00.000+0000,964-98-1509,103712
1268736,Laila,Lou,Doige,F,1964-04-01T05:00:00.000+0000,943-70-4764,56044
1268737,Carla,Karma,Gleasane,F,1954-05-15T04:00:00.000+0000,948-55-6095,67648
1268738,Willette,Consuela,Pether,F,1991-10-09T04:00:00.000+0000,955-56-9170,88469
1268739,Marisa,Shondra,Simonassi,F,1968-05-21T04:00:00.000+0000,988-45-1354,83832
1268740,Monnie,Amelia,Schuelcke,F,1998-07-10T04:00:00.000+0000,987-78-7854,103767
1268741,Nila,Jina,Aaronson,F,1983-05-15T04:00:00.000+0000,901-10-4672,47824
1268742,Elina,Marcene,Giffon,F,1958-12-17T05:00:00.000+0000,938-11-3308,94267
1268743,Thersa,Elsy,Blasiak,F,1996-11-16T05:00:00.000+0000,918-92-5986,45873
1268744,Johna,Aline,Tatnell,F,1955-06-10T04:00:00.000+0000,994-20-4790,50951
1268745,Venus,Sharice,Southam,F,1983-11-06T05:00:00.000+0000,923-47-7511,71622
1268746,Leonila,Larraine,O'Shields,F,1979-02-21T05:00:00.000+0000,990-38-5723,51951
1268747,Dotty,Mira,Creavin,F,1952-11-23T05:00:00.000+0000,961-34-4098,82533
1268748,Kimber,Emilee,Hellwich,F,1962-01-01T05:00:00.000+0000,907-57-4315,95262
1268749,Hang,Cherryl,Jickles,F,1962-08-27T04:00:00.000+0000,973-88-8476,48007
1268750,Linsey,Joi,Boother,F,1990-02-10T05:00:00.000+0000,989-17-7545,109190
